Symbol ,Series ,LTP ,%chng ,Mkt Cap (₹ Crores),Volume (Lakhs),Value (₹ Crores)
JBMA,EQ,590.6,19.99,13967.35,442.87,2495.36
WAAREEENER,EQ,3178,10.23,91412.28,77.18,2402.07
ETERNAL,EQ,242.75,3.46,234262.26,749.82,1804.67
URBANCO,EQ,121.66,10.49,17788.89,1393.25,1741.28
ICICIBANK,EQ,1292,0.26,924878.45,129.61,1669.16
INFY,EQ,1266.7,2.74,513696.39,123.65,1575.29
LT,EQ,3602,1.67,495495.27,41.9,1510.9
RELIANCE,EQ,1407.2,0.69,1904289.55,95.59,1346.52
BSE,EQ,2997.9,0.82,122279.57,43.45,1298.63
M&M,EQ,3212.1,2.66,399433.9,37.47,1201.8
BHARTIARTL,EQ,1855,1.53,1057740.54,64.28,1193.35
SBIN,EQ,1069,0.4,986753.02,107.5,1147.84
BAJFINANCE,EQ,882.95,1.65,549384.02,123.76,1080.17
ASAHIINDIA,EQ,857.2,2.06,21852.36,112.1,1011.02
OLECTRA,EQ,1033.15,14.34,8480.17,87.95,899.42
MMTC,EQ,63.79,20,9568.5,1257.07,772.97
COFORGE,EQ,1129,5.13,37907.1,67.63,764.38
DIXON,EQ,10674,3.74,64899.94,7.18,763.46
TCS,EQ,2439,1.98,882451.55,30.82,757.41
AXISBANK,EQ,1250.9,1.86,388703.81,60.19,751.97
INDIGO,EQ,4361.1,1.71,168605.79,15.06,656
PFC,EQ,432.2,3.38,142630.4,150.12,645.14
BEL,EQ,442,0.6,323092.22,137,607.22
MARUTI,EQ,13043,0.55,410075.28,4.59,601.05
ANGELONE,EQ,236.2,8.86,21471.88,254.15,588.22
KOTAKBANK,EQ,375.15,0.25,373141.33,152.35,569.93
CYIENTDLM,EQ,323.2,8.99,2565.06,181.16,568.53
PREMIERENE,EQ,870,7.25,39410.51,63.3,542.24
POLYCAB,EQ,7376,2.92,111046.05,6.84,502.44
MAZDOCK,EQ,2459.5,4.11,99211.31,20.7,502.23
IDEA,EQ,9.41,1.73,101950.8,5142.4,482.87
JIOFIN,EQ,248.5,4.59,157875.57,195.8,482.41
WIPRO,EQ,194.22,1.52,203698.86,245.29,480.82
ROUTE,EQ,478.6,7.44,3015.33,96.72,475.14
JWL,EQ,269,1.72,11496.26,165.6,461.34
LODHA,EQ,853.2,1.31,85225.48,51.72,444.49
TVSMOTOR,EQ,3565,2.09,169368.56,12.19,433.79
TECHM,EQ,1382.7,3.05,135474.14,29.69,412.52
SHRIRAMFIN,EQ,1017.1,1.24,191374.01,39.15,398.99
JPPOWER,EQ,14.95,6.94,10245.92,2601.17,392.52
INDUSINDBK,EQ,841.95,2.57,65596.84,46.96,391.47
EICHERMOT,EQ,7016,1.53,192458.85,5.57,391.28
BHARATFORG,EQ,1795,2.81,85804.35,21.19,380.93
ATHERENERG,EQ,749.45,3.55,28657.18,49.77,376.88
TMCV,EQ,446.5,1.03,164416.1,84.41,376.73
CUMMINSIND,EQ,4710.6,2.48,130577.83,7.96,374.26
RECLTD,EQ,348.4,3.17,91741.52,106.12,366.11
KAYNES,EQ,3706,1.96,24843.04,9.8,362.97
PERSISTENT,EQ,4689,3.52,73968.98,7.58,357.26
MUTHOOTFIN,EQ,3433,0.4,137824.13,10.17,349.67
HCLTECH,EQ,1358,2.79,368515.72,25.64,349.44
SHAILY,EQ,2345,2.86,10776.47,15.01,346.7
TRIDENT,EQ,24.4,10.61,12434.13,1367.89,333.9
HINDPETRO,EQ,349,0.81,74261.01,93.19,326.53
TITAN,EQ,4151,1.48,368520.04,7.51,310.01
HDFCAMC,EQ,2460.3,3.23,105389.39,12.52,308.93
PAYTM,EQ,1071.2,4.81,68561.69,28.8,306.72
IOC,EQ,148.18,1.02,209248.51,203.18,300.47
GROWW,EQ,163.27,1.37,102429.01,184.36,299.52
IDBI,EQ,74.98,1.19,80621.51,390.22,294.85
KPITTECH,EQ,687.9,5.23,18858.35,42.51,291.43
BPCL,EQ,304,1.32,131888.36,92.24,279.82
ADANIPORTS,EQ,1401.8,2.66,322968.99,19.57,273.24
DLF,EQ,560.1,2.25,138642.4,48.32,270.56
LUPIN,EQ,2306.4,0.36,105412.45,11.68,269.44
VBL,EQ,415.5,2.25,140526.02,63.77,264.04
BAJAJFINSV,EQ,1790,0.86,286498.45,14.68,262.41
STLTECH,EQ,193.77,10,9457.99,137.81,262.25
DATAPATTNS,EQ,3316,0.47,18564.28,7.94,259.73
TATAELXSI,EQ,4200,2.35,26148.76,6.09,258.27
NIFTYBEES,EQ,269.38,0.83,58008.73,95.12,255.98
GRASIM,EQ,2716,1.22,184830.4,9.34,253.78
CDSL,EQ,1233,2.81,25769.7,20.28,249.33
CANBK,EQ,137.5,0.67,124721.45,180.21,247.64
TMPV,EQ,324,1.5,119317.07,75.34,245.42
SUZLON,EQ,42.07,1.94,57697.46,584.27,244.4
MAXHEALTH,EQ,979.8,0.35,95343.63,25.01,244.39
TEJASNET,EQ,448,0.81,7959.32,54.34,243.78
ULTRACEMCO,EQ,11225,0.98,330777.37,2.12,238.05
POWERINDIA,EQ,24980,1.09,111341.76,0.95,237.34
UNITDSPR,EQ,1324.9,1.81,96366.71,17.47,230.13
BAJAJ-AUTO,EQ,9229,1.31,257948.55,2.47,228.61
MANAPPURAM,EQ,271.35,5.65,22968.01,85.31,226.43
NHPC,EQ,77.2,0.4,77547.67,286.94,222.09
ASHOKLEY,EQ,178.45,1.33,104818.93,123.16,220.03
HEROMOTOCO,EQ,5416,1.14,108368.62,3.9,212.44
OFSS,EQ,6600,4.73,57439.27,3.21,211.62
ADANIENT,EQ,2008,1.65,259570.63,10.41,209.46
AMBER,EQ,6834,0.83,24049.99,3.03,208.22
ADANIGREEN,EQ,890,2.46,146084.05,23.15,205.55
OLAELEC,EQ,24.75,4.96,10916.8,816.35,201.56
GLENMARK,EQ,2183,1.73,61604.44,8.83,194.76
SRF,EQ,2571,2.92,76210.82,7.56,194.28
FORCEMOT,EQ,21520,2.53,28046.83,0.89,191.83
ASIANPAINT,EQ,2260,0.97,216778.7,8.45,190.13
INTELLECT,EQ,670,4.26,9350.7,27.81,190.02
FEDERALBNK,EQ,271.4,2.59,66838.38,70.02,189.78
UNIONBANK,EQ,177.95,1.07,135840.01,106.5,189.73
HFCL,EQ,72.75,1.41,11135.13,256.32,188.21
MOTHERSON,EQ,117.2,1.18,123693.04,159.85,187.88
FORTIS,EQ,846.5,3.21,63907.21,21.85,184.31
ITCHOTELS,EQ,159.5,5.78,33221.98,114.91,180.62
MPHASIS,EQ,2128.7,2.63,40619.76,8.38,179.73
ABB,EQ,6329.5,0.3,134127.41,2.81,178.21
PNB,EQ,113.1,0.98,129985.19,157.04,177.98
BRITANNIA,EQ,5887.5,0.51,141811.21,3.02,177.64
VMM,EQ,107.89,4.54,50418.27,165.81,176.92
KTKBANK,EQ,231.31,2.28,8747.72,75.53,176.64
LIQUIDCASE,EQ,113.21,0.04,8563.66,153.32,173.55
NAUKRI,EQ,994,3.21,64453.01,17.22,171.24
LTF,EQ,270,2.6,67618.42,62.89,169.66
ADANIENSOL,EQ,1031.7,3.11,123936.33,16.44,168.84
IDFCFIRSTB,EQ,65.3,2.58,56165.89,259.46,168.18
GRSE,EQ,2396,1.66,27446.66,7.03,167.72
TATATECH,EQ,548.9,4.58,22284.2,30.32,167.42
GVT&D,EQ,3838.6,4.56,98286.02,4.43,167.13
NBCC,EQ,88.3,6.22,23841,191.58,166.54
UNOMINDA,EQ,1073,1.9,61956.65,15.5,166.3
KEI,EQ,4387,4.04,41939.98,3.82,166.09
DELHIVERY,EQ,424,5.39,31740.98,38.27,160.6
SYRMA,EQ,782,2.14,15079.34,20.65,159.84
PGEL,EQ,535.85,2.29,15290.09,29.51,158.49
GMDCLTD,EQ,560.8,1.39,17833.44,28.01,156.2
HDFCLIFE,EQ,642.35,0.01,138594.45,24.24,156.13
RVNL,EQ,275.3,2.8,57400.6,56.6,155.03
CONCOR,EQ,458.55,1.36,34923.99,33.63,154.71
JSWENERGY,EQ,507.05,0.25,89103.5,30.31,154.39
GAIL,EQ,151.13,2.32,99369.48,102.19,152.87
INDHOTEL,EQ,637,2.4,90672.63,24,152.74
BANKBARODA,EQ,283.5,0.09,146608.12,53.5,152.06
JSWSTEEL,EQ,1173,0.5,286851.75,12.85,151.1
MEESHO,EQ,148.99,2.24,67241.14,101.74,151.04
SWIGGY,EQ,298.25,1.84,82326.35,50.59,150.82
AUBANK,EQ,931.8,3.3,69719.56,16.06,148.05
INDIANB,EQ,890,1.84,119879.79,15.93,141.42
HAVELLS,EQ,1338,1.59,83926.97,10.48,139.92
UGROCAP,EQ,96.1,10.6,1395.76,142.29,139.6
SONACOMS,EQ,510.55,1.68,31748.39,26.87,139.21
INDUSTOWER,EQ,439,0.65,115815.35,31.54,138.75
SBILIFE,EQ,1961.7,1.53,196761.8,7.06,138.3
UJJIVANSFB,EQ,55.54,8.35,10789.84,248.68,135.41
AMBUJACEM,EQ,441,1.57,109007.42,30.7,135.4
POLICYBZR,EQ,1528,1.99,70699.5,8.84,135.16
COCHINSHIP,EQ,1413.9,3.99,37196.99,9.58,134.02
GODREJPROP,EQ,1640,3.52,49398.07,8.24,133.75
TARIL,EQ,288,1.62,8644.78,46.01,133.36
HEXT,EQ,434.4,6.73,26542.53,30.77,132.74
DMART,EQ,3849,1.79,250467.16,3.41,131.6
BANDHANBNK,EQ,163.28,2.32,26303.94,79.92,130.07
ENRIN,EQ,2840.6,2.59,101159.59,4.43,126.8
NMDC,EQ,79.49,0.34,69886.16,158.78,125.8
APOLLO,EQ,206.38,2.12,7313.94,61.03,125.02
YESBANK,EQ,18.97,1.77,59526.82,657.72,124.05
JAINREC,EQ,436.5,2.2,15063,27.91,123.26
AWL,EQ,177.4,1.37,23056.3,68.87,122.34
MFSL,EQ,1672,1.09,57703.19,7.23,120.67
ABREL,EQ,1223,9.1,13660.38,9.9,119.96
NTPCGREEN,EQ,98.18,2.14,82729.7,122.93,119.95
APLAPOLLO,EQ,2008.5,2.18,55763.2,5.96,119.34
NYKAA,EQ,242.45,1.02,69414.84,48.89,118.7
JINDALSTEL,EQ,1176,1.62,119962.36,10.14,118.52
IRCTC,EQ,540.4,2.55,43232,22.07,118.08
GODREJCP,EQ,1050.5,0.9,107491.84,11.16,117.23
TIINDIA,EQ,2560,3.4,49547.5,4.63,117.02
LAURUSLABS,EQ,983.5,1.53,53094.89,11.88,116.72
PRESTIGE,EQ,1323,4.52,56985.61,8.8,114.45
BDL,EQ,1316,1.48,48239.63,8.71,114.37
SUPREMEIND,EQ,3986,1.58,50632.91,2.82,112.85
OBEROIRLTY,EQ,1472,0.94,53522.25,7.65,112.77
NEWGEN,EQ,457.9,2.9,6516.73,24.34,112.71
WEBELSOLAR,EQ,62.1,0.86,2621.01,180.71,111.83
DIVISLAB,EQ,6124,0.62,162572.96,1.8,110.66
DRREDDY,EQ,1286.9,0.24,107407.5,8.5,110.06
FIVESTAR,EQ,376,5.84,11075.69,29.44,109.76
APARINDS,EQ,9598,1.93,38553.55,1.15,109.51
BHEL,EQ,259.55,1.25,90376.95,41.98,109.01
PIRAMALFIN,EQ,1841,4.05,41731.36,5.96,106.67
TIRUMALCHM,EQ,181.86,10.65,2192.37,56.16,105.61
LTM,EQ,4295.6,2.54,127361.67,2.43,105.16
IRFC,EQ,98.17,1.48,128293.52,105.81,103.7
KFINTECH,EQ,944.5,4.83,16294.9,11.04,102.88
PETRONET,EQ,290.7,1.04,43605,35.07,102.35
SAGILITY,EQ,39.5,4.97,18491.25,260.66,101.71
GESHIP,EQ,1437.2,0.76,20518.5,6.99,101.57
NAZARA,EQ,255.8,6.9,9476.5,39.77,101.07
JYOTICNC,EQ,761.9,1.8,17327.37,13.28,100.83
ANANTRAJ,EQ,469.9,4.67,16910.62,21.59,100.46
ITBEES,EQ,32.7,3.15,3382.54,299.9,98.37
CAMS,EQ,658,3.98,16311.05,15.06,98.02
SBICARD,EQ,708,2.04,67372.91,13.9,97.81
EMMVEE,EQ,238.56,10,16516.58,42.27,97.13
RPOWER,EQ,22.73,3.6,9400.61,424.39,95.87
SCI,EQ,239,0.99,11132.6,39.65,95.65
KRN,EQ,884.5,2.45,5497.75,10.61,94.47
VIKRAMSOLR,EQ,193.2,4.31,7000.22,48.78,93.88
HONASA,EQ,280,6.04,9110.35,32.92,93.52
BANKINDIA,EQ,152.53,0.76,69441.84,61.23,93.49
UPL,EQ,629.2,2.17,53115.13,14.92,93.49
RAYMONDREL,EQ,426.05,9.05,2836.37,21.66,93.07
POONAWALLA,EQ,410.75,1.17,33385.3,22.63,93.04
MAHABANK,EQ,64.19,2.74,49372,144.53,92.31
BELRISE,EQ,183.6,3.76,16338.18,49.85,91.49
LICI,EQ,786,1.06,497144.82,11.64,91.44
JBCHEPHARM,EQ,2121.1,0.81,34056.11,4.34,91.17
J&KBANK,EQ,123.4,1.9,13588.59,73.22,90.11
KALYANKJIL,EQ,389.15,1.42,40186.07,23.19,89.85
IREDA,EQ,117.94,1.5,33132.07,75.1,88.47
HBLENGINE,EQ,681.4,2.45,18888.06,12.74,87.06
BIOCON,EQ,382.35,1.27,61975.41,22.4,85.9
PHOENIXLTD,EQ,1613,1.08,57682.83,5.3,85.28
GMRAIRPORT,EQ,92.37,2.29,97533.26,93.15,85.26
LICHSGFIN,EQ,503.9,1,27717.67,16.9,85.2
OMNI,EQ,242.39,11.03,2997.54,35.89,85.19
NUVAMA,EQ,1180.7,2.01,21493.12,7.19,84.87
ABCAPITAL,EQ,328.4,3.06,86021.28,25.95,84.58
INOXWIND,EQ,81.96,4.79,14164.64,104.4,84.39
ICICIAMC,EQ,3020,1.92,149266.07,2.8,84.03
ASTRAL,EQ,1669.7,1.07,44856.52,5.05,83.97
PFOCUS,EQ,265,3.41,20563.75,31.57,83.34
LENSKART,EQ,511,1.97,88730.86,16.18,83.08
REDINGTON,EQ,231,1.29,18058.99,35.75,82.37
PNBHOUSING,EQ,803.5,3.02,20931.86,10.29,82.19
ZEEL,EQ,76.94,2.18,7390.24,106.33,81.26
JMFINANCIL,EQ,127.02,5.87,12147.74,64.02,80.83
SANSERA,EQ,2195,5.36,13658.23,3.68,79.75
HSCL,EQ,453,1.35,22855.73,17.14,76.94
THERMAX,EQ,3283,1.38,39119.01,2.35,76.74
RBLBANK,EQ,300.05,0.79,18546.43,25.09,75.54
MRF,EQ,133900,0.87,56788.9,0.06,74.88
PIDILITIND,EQ,1380.6,1.74,140512.81,5.4,74.39
LTTS,EQ,3375,1.27,35773.69,2.2,74.32
KARURVYSYA,EQ,284.2,0.07,27467.76,26.02,74.21
CSBBANK,EQ,388.95,9.98,6747.73,19.36,73.98
TATACAP,EQ,323.1,3.92,137151.72,23.03,73.46
BANKBEES,EQ,570.62,0.66,7666.81,12.65,72.03
KAJARIACER,EQ,955.8,4.24,15223.25,7.44,71.19
SETFNIF50,EQ,255,1.25,204533.04,27.85,70.91
PWL,EQ,86.3,7.54,24679.15,83.15,70.58
CUB,EQ,250.75,4.46,18631.91,28.11,70.17
IFCI,EQ,55.99,1.76,15085.47,124.45,69.73
LLOYDSME,EQ,1244.5,0.66,67745.48,5.57,69.47
NAVINFLUOR,EQ,6344.5,0.99,32504.13,1.06,67.6
HYUNDAI,EQ,1990.1,0.96,161703.8,3.4,67.55
MANKIND,EQ,2102.7,1.67,86800.52,3.18,67
MOTILALOFS,EQ,697,2.39,41934.75,9.57,66.69
ZENTEC,EQ,1449,1.71,13083.07,4.57,65.86
M&MFIN,EQ,321.8,0.63,44729.27,20.44,65.8
CAPACITE,EQ,219,5.4,1852.83,30.86,65.73
SIEMENS,EQ,3211,1.18,114350.29,2.03,65.2
SAMMAANCAP,EQ,141.12,1.26,11694.15,45.86,64.99
LIQUID1,EQ,1095.87,0.03,1566.44,5.82,63.8
SHAKTIPUMP,EQ,512.1,3.36,6319.21,12.5,63.73
LGEINDIA,EQ,1581,1.07,107313.92,4.01,63.58
VOLTAS,EQ,1423.9,0.25,47114.68,4.42,63.1
BAJAJHFL,EQ,83.07,2.18,69216.7,75.69,62.86
BSOFT,EQ,364.2,0.41,10179.62,17.08,62.74
EDELWEISS,EQ,110.2,1.48,10430.19,55.74,61.92
GODAVARIB,EQ,324.5,5.49,1660.66,18.8,61.85
LUMAXTECH,EQ,1638,4.86,11164.23,3.77,61.26
GRANULES,EQ,587.2,2.66,14249.51,10.47,60.73
360ONE,EQ,1084.8,3.97,44033.76,5.67,60.72
NAM-INDIA,EQ,882.2,3.99,56227.49,6.89,60.44
IEX,EQ,123.05,2.64,10972.28,49.31,60.43
MAPMYINDIA,EQ,878.3,1.12,4806.2,6.78,60.27
CHOICEIN,EQ,643.85,2.23,14343.46,9.37,60.18
SAILIFE,EQ,1011.7,2.59,21424.58,5.94,59.81
BLUESTARCO,EQ,1820.9,0.31,37440.4,3.26,59.36
JUNIORBEES,EQ,706.55,0.85,7128.89,8.39,59.24
PIIND,EQ,2928.7,1.23,44433.69,2.01,58.62
GRAVITA,EQ,1443.1,2.04,10651.3,4,57.8
HUDCO,EQ,179.99,4.35,36032.2,32.36,57.38
NATCOPHARM,EQ,960.8,1.9,17208.88,5.96,57.35
AAVAS,EQ,1125.6,2.18,8913.84,5.1,56.81
IRCON,EQ,129.8,2.59,12207.89,43.77,56.65
PARADEEP,EQ,115.88,3.19,12030.32,48.83,56.2
HAPPSTMNDS,EQ,383.05,0.62,5832.89,14.53,55.83
BLUESTONE,EQ,539.7,1.15,8192.9,10.09,55.42
APEX,EQ,366.8,1.55,1146.25,14.98,55.41
SWANCORP,EQ,344.85,5.15,10809.56,15.92,54.97
ENGINERSIN,EQ,194.6,2.75,10937.34,28.26,54.75
HDBFS,EQ,655.85,1.76,54455.49,8.34,54.55
CUPID,EQ,79.25,0.25,10656.44,68.32,54.39
TFCILTD,EQ,66.5,1.29,3078.8,82.71,54.3
YATRA,EQ,106.24,6.41,1667.08,51.17,53.67
GODFRYPHLP,EQ,2042,1.59,31851.48,2.62,53.41
TIMETECHNO,EQ,165,0.92,8144.98,32.31,53.39
PAGEIND,EQ,31760,4.08,35424.7,0.17,53.34
KSB,EQ,810.5,6.49,14105.88,6.61,53.12
IGIL,EQ,339.95,4.87,14691.27,16.38,53.06
ABSLAMC,EQ,970,1.23,28012.21,5.39,52.64
POWERMECH,EQ,2033,6.6,6427.59,2.61,52.5
JKTYRE,EQ,437.05,3.91,12599.69,12.15,52.47
PRECWIRE,EQ,308.15,6.06,5633.23,16.87,51.39
WOCKPHARMA,EQ,1217.3,2.41,19779.37,4.22,51.22
WAAREERTL,EQ,861,4.27,8984.17,5.85,50.35
EXIDEIND,EQ,308.6,2.22,26231,16.19,49.86
KEC,EQ,565.15,4.79,15044.29,8.95,49.58
SOUTHBANK,EQ,37.2,0.65,9737.08,132.6,49.39
BEML,EQ,1564,3.44,13026.4,3.17,49.37
SJVN,EQ,70.5,2.11,27705.06,69.95,49.32
AFFLE,EQ,1344,4.15,18917.79,3.68,48.94
KPIL,EQ,1067,1.24,18221.43,4.45,47.74
FSL,EQ,228.5,5.31,15926.24,21.06,47.59
LEMONTREE,EQ,107.1,0.15,8484.96,44.15,47.35
CHAMBLFERT,EQ,439.5,2.53,17608.59,10.81,47.25
RELIGARE,EQ,228,0.75,7586.48,20.6,46.79
LATENTVIEW,EQ,284,2.92,5876.67,16.44,46.72
DOMS,EQ,2244.3,4.06,13620.28,2.09,46.66
BOSCHLTD,EQ,31000,1.16,91430.28,0.15,46.06
IIFL,EQ,489.1,3.72,20800.7,9.5,45.92
TITAGARH,EQ,650,3.33,8753.79,7.1,45.9
CERA,EQ,5000,8.66,6448.77,0.93,45.56
TORNTPOWER,EQ,1456.9,0.94,73413.71,3.12,45.42
CONCORDBIO,EQ,1141.8,1.12,11945.08,3.99,45.41
ZYDUSWELL,EQ,427.85,1.39,13612.51,10.61,45.39
NCC,EQ,147.04,2.67,9231.86,30.75,44.8
BLUEJET,EQ,379.85,7.73,6589.08,11.73,44.22
BORORENEW,EQ,436.45,6.15,6118.54,10.1,43.79
CASTROLIND,EQ,187.35,0.47,18530.13,23.14,43.27
CEATLTD,EQ,3555,4.12,14380.01,1.21,42.54
APOLLOPIPE,EQ,404.9,1.91,1783.51,10.47,42.22
TDPOWERSYS,EQ,835.8,2.27,13056.44,5.04,42.1
MANYAVAR,EQ,363,6.31,8819.92,11.61,41.91
MSUMI,EQ,38.81,0.23,25737.48,107.23,41.88
CANFINHOME,EQ,849.9,2.64,11316.77,4.87,41.87
COLPAL,EQ,1942,0.47,52819.61,2.15,41.8
ZYDUSLIFE,EQ,895,0.58,90057.94,4.56,41.06
STAR,EQ,903,3.15,8323.2,4.49,40.75
SCHAEFFLER,EQ,4080,4.23,63771.9,1.01,40.65
SHREECEM,EQ,23890,0.91,86196.91,0.17,40.6
PPLPHARMA,EQ,142.85,2.73,18988.31,28.33,40.42
BLACKBUCK,EQ,597.4,4.03,10853.11,6.84,40.32
JAMNAAUTO,EQ,123.25,2.96,4926.44,32.24,40.16
CROMPTON,EQ,250.65,0.8,16139.73,15.99,40.11
LIQUIDADD,EQ,1118,0.03,1904.39,3.57,39.92
BAJAJHCARE,EQ,312.8,12.44,987.92,13.33,39.73
JSWINFRA,EQ,260,2.79,54600.04,15.27,39.6
CREDITACC,EQ,1184,1.29,18961.37,3.32,39.51
SHRINGARMS,EQ,202.5,8.65,1952.75,19.48,39.17
JUBLFOOD,EQ,475.55,2.1,31378.94,8.24,39.13
AJANTPHARM,EQ,3059.6,1.29,38225.3,1.27,39.07
PATANJALI,EQ,489.7,0.67,53275.35,7.96,39.01
RAILTEL,EQ,282.4,3.73,9063.3,13.87,38.84
GOKEX,EQ,594.8,3.78,4356.75,6.51,38.75
PVRINOX,EQ,1023.2,1.98,10047.82,3.74,38.16
PARAS,EQ,655.1,1.65,5279.28,5.85,38.05
SYNGENE,EQ,418.65,1.85,16869.06,8.94,37.67
OSWALPUMPS,EQ,318.15,5.03,3626.19,11.88,37.6
ABFRL,EQ,59.28,1.87,7235.11,62.8,37.36
PCBL,EQ,256,3.23,10072.64,14.46,37.12
THOMASCOOK,EQ,96.85,9.52,4555.64,39.08,36.81
QPOWER,EQ,827.7,2.3,6410.05,4.44,36.59
DEEPAKFERT,EQ,941,3.46,11878.98,3.88,36.23
PCJEWELLER,EQ,8.54,2.89,6317.08,427.14,36.22
RELINFRA,BE,78.8,1.18,3220.01,45.32,36.08
HDFCSML250,EQ,152.49,1.54,1837.23,23.49,35.8
HCC,EQ,15.65,3.3,4099.47,228.63,35.8
SIGNATURE,EQ,804.5,1.16,11304.09,4.51,35.79
THANGAMAYL,EQ,3496.9,0.05,10869.07,1.01,35.78
PRAJIND,EQ,306.8,0.71,5639.39,11.57,35.54
JINDALPOLY,EQ,1012,4.35,4431.18,3.59,35.46
GLAND,EQ,1679,2.76,27662.6,2.12,35.31
ALKEM,EQ,5360.5,0.51,64092.82,0.65,35.12
KPIGREEN,EQ,385.9,1.05,7615.39,9.07,34.93
TANLA,EQ,431.6,5.77,5723.77,8.06,34.55
AETHER,EQ,1066.4,5.98,14148.39,3.27,34.44
RAYMONDLSL,EQ,843.2,6.71,5137.08,4.09,34.37
WELSPUNLIV,EQ,114.56,5.01,10988.05,29.9,34.35
LIQUIDPLUS,EQ,1077.1,0.03,867.36,3.17,34.17
AEQUS,EQ,126.9,4.14,8510.75,26.86,33.99
HEG,EQ,508,1.38,9803.26,6.61,33.78
FINOPB,EQ,153.15,8.42,1274.49,22.02,33.51
ANANDRATHI,EQ,3065,0.07,25445.82,1.09,33.44
ZAGGLE,EQ,220.5,3.29,2964.81,15.05,33.26
GMBREW,EQ,1032.1,7.14,2358.03,3.2,33.09
TENNIND,EQ,548,4.1,22117.52,6.02,32.81
IKS,EQ,1349,1.62,23145.22,2.41,32.51
REFEX,EQ,206.97,5.33,2839.62,15.43,32.18
BATAINDIA,EQ,672.45,0.18,8642.83,4.73,31.97
BAJAJHLDNG,EQ,9878,2.22,109935.73,0.32,31.78
DALBHARAT,EQ,1940,4.59,36387.79,1.66,31.65
POLYPLEX,EQ,883,6.82,2771.95,3.52,31.17
ZENSARTECH,EQ,578.85,2.2,13164.81,5.38,31.15
FRACTAL,EQ,802,0.72,13791.6,3.74,30.56
SWSOLAR,EQ,175.21,3.71,4091.71,17.49,30.48
NH,EQ,1692,2.11,34577.85,1.8,30.37
KPRMILL,EQ,837,1.26,28609.83,3.59,30.35
STCINDIA,EQ,114,13.3,684,26.13,30.19
KWIL,EQ,24.7,1.86,5803.49,119.98,29.73
TATACOMM,EQ,1498.6,4.43,42710.1,1.99,29.63
BLS,EQ,246,2.22,10128.83,12.07,29.59
IXIGO,EQ,166.25,1.62,7284.8,17.68,29.46
WELCORP,EQ,823,1.06,21709.97,3.57,29.31
ASHAPURMIN,EQ,509.85,2.66,4870.4,5.78,29.24
GABRIEL,EQ,873,3.42,12540.12,3.34,29.18
STYLEBAAZA,EQ,251.7,4.92,1878.12,11.56,29.14
SEDEMAC,EQ,1519.2,1.04,6709.02,1.88,29.07
TECHNOE,EQ,1127,3.11,13106.96,2.59,29.03
FINCABLES,EQ,880,2.64,13458.66,3.3,28.78
SANDUMA,EQ,188.49,0.02,9162.59,15.2,28.73
FIRSTCRY,EQ,213.7,0.38,11156.04,13.43,28.67
GRAPHITE,EQ,624,0.57,12191.44,4.53,28.41
ACC,EQ,1405,1.44,26384.11,2.02,28.23
SHARDACROP,EQ,1014.4,2.96,9151.97,2.79,28.23
CRISIL,EQ,4037,0.7,29522.59,0.69,28.12
APSISAERO,ST,160.65,5,193.61,18.11,28.02
CPPLUS,EQ,1666.5,3.41,19631.05,1.67,27.92
FLUOROCHEM,EQ,3177.8,6.23,34908.13,0.9,27.85
JARO,EQ,489.95,3.95,1085.55,5.65,27.85
IRB,EQ,41.61,0.22,25128.28,66.23,27.76
DIACABS,EQ,130.31,3.85,6866.96,21.41,27.76
CEWATER,EQ,265.6,10.09,549.69,10.7,27.72
SPARC,EQ,119.16,3.8,3866.74,22.89,27.64
RCF,EQ,120.37,2.53,6640.67,22.95,27.57
MID150BEES,EQ,214.19,1.83,2889.11,12.89,27.57
JISLJALEQS,EQ,32.58,8.56,2328.2,87.28,27.46
NIFTYIETF,EQ,268.05,0.83,37845.11,10.21,27.34
CESC,EQ,156.1,0.11,20692.15,17.33,27.19
DEVYANI,EQ,109,1.07,13439.04,24.79,27.13
CYIENT,EQ,864,1.55,9601.11,3.11,26.94
ARE&M,EQ,785,0.94,14367.49,3.43,26.91
LLOYDSENT,EQ,47.15,3.49,7036.77,56.92,26.9
DYNAMATECH,EQ,9820,3.01,6669.2,0.27,26.9
IGL,EQ,157.5,0.43,22050.03,16.88,26.66
BALKRISIND,EQ,2175,1.12,42046.49,1.23,26.61
CONFIPET,EQ,36.71,16.39,1219.66,73.01,26.53
SEPC,EQ,5.22,7.63,986.61,512.78,26.51
TRANSRAILL,EQ,515.3,3.8,6918.21,5.17,26.5
IOLCP,EQ,74.05,8.56,2173.57,35.96,26.26
AZAD,EQ,1515.9,0.97,9789.95,1.73,26.23
VIPIND,EQ,336.4,1.23,4778.61,7.69,26.07
ELLEN,EQ,209,6.91,2945.55,12.45,26.01
DBREALTY,EQ,102,3.88,5499.89,25.62,25.98
CMSINFO,EQ,288.8,0.71,4754.73,8.81,25.88
UNIVCABLES,EQ,653.75,10.97,2268.21,4,25.87
ECLERX,EQ,1487,0.83,13985.34,1.72,25.75
QUADFUTURE,EQ,306.35,6.02,1225.4,8.39,25.7
AIIL,EQ,482.5,0.95,40975.13,5.27,25.66
DCMSIL,EQ,99.7,18.35,867.31,27.79,25.64
BHARATCOAL,EQ,34.85,1.87,16229.65,73.91,25.62
JINDRILL,EQ,474.5,2.06,1375.15,5.32,25.49
NEULANDLAB,EQ,12395,0.99,15902.65,0.2,25.45
RAIN,EQ,114.75,1.04,3859.57,21.8,25.17
BRIGADE,EQ,688,5.97,16828.03,3.71,25.07
LTFOODS,EQ,394.65,1.3,13704.34,6.3,24.98
GOCOLORS,EQ,264,10.74,1425.84,9.65,24.89
NPST,EQ,1055,13.09,2199.74,2.36,24.67
NITCO,EQ,79,8.74,1810.02,32.12,24.58
MOSCHIP,EQ,171.5,1.88,3319.59,14.21,24.43
DCBBANK,EQ,179.6,6.11,5779.77,13.82,24.4
INDIGOPNTS,EQ,765,0.98,3647.19,3.17,24.38
ESCORTS,EQ,3093.5,1.33,34609.38,0.78,24.29
GAUDIUMIVF,EQ,94.05,10.65,684.56,26.46,24.24
RAYMOND,EQ,380,7.94,2529.8,6.52,24.22
PSUBNKBEES,EQ,96.39,0.73,4120.19,25.1,24.19
ELECON,EQ,397,3.71,8908.68,6.02,24.12
VINCOFE,EQ,130.3,5.81,1882.03,18.68,24.05
XPROINDIA,EQ,950,11.12,2229.69,2.54,24.05
TRIVENI,EQ,338.1,0.54,7400.94,7.05,23.98
HEMIPROP,EQ,138.55,5.14,3948.68,17.52,23.87
SBC,EQ,31.79,0.06,1513.81,74.54,23.81
PGHH,EQ,10015,0.15,32509.43,0.24,23.72
ELGIEQUIP,EQ,484.8,3.41,15363.75,4.93,23.66
CENTUM,EQ,2839,3.48,4184.97,0.81,23.42
ENTERO,EQ,1120.6,9.16,4875.84,2.11,23.19
ELECTCAST,EQ,72.95,6.48,4509.66,32.1,23.16
LALPATHLAB,EQ,1348.9,1.29,22601.5,1.71,23.07
EMSLIMITED,EQ,296.7,6.57,1647.6,7.68,22.78
SARDAEN,EQ,527,0.89,18570.49,4.24,22.44
HPL,EQ,297,7.94,1909.72,7.64,22.24
CLEAN,EQ,717,3.98,7620.02,3.13,22.22
GRMOVER,EQ,154.4,1.13,2841.82,14.35,22.03
EPL,EQ,195.55,4.54,6263.56,11.26,22.02
AURIONPRO,EQ,835.05,1.69,4610.61,2.63,21.95
DAMCAPITAL,EQ,131.8,8.5,931.64,16.61,21.9
KIRLPNU,EQ,1061.5,1.03,6894.66,2.04,21.83
JSLL,EQ,627.85,5.31,7804.22,3.5,21.8
ARVIND,EQ,364.6,2.79,9556.7,5.89,21.68
PTCIL,EQ,17225,0.38,25824.67,0.13,21.68
SINDHUTRAD,EQ,24.8,4.82,3823.98,86.89,21.67
RICOAUTO,EQ,112.6,3.14,1523.31,19.03,21.41
YATHARTH,EQ,675,2.83,6503.92,3.16,21.28
INDIAMART,EQ,2100,1.66,12618.3,1.01,21.16
POLYMED,EQ,1272.2,2.48,12894.95,1.64,20.95
BALRAMCHIN,EQ,475.55,1.78,9603.75,4.32,20.73
NXST,RR,159.5,2.7,24164.25,13.04,20.63
SONATSOFTW,EQ,240.55,3.8,6745.62,8.55,20.57
BHARTIHEXA,EQ,1595.6,4.22,79780,1.29,20.42
LIQUIDBETF,EQ,1073.41,0.03,599.18,1.9,20.39
TI,EQ,452,0.68,11115.08,4.47,20.36
HUBTOWN,EQ,195.51,5.61,2778.21,10.47,20.35
CENTRALBK,EQ,35.18,0.69,31842.83,57.76,20.34
AARTIIND,EQ,434.25,2.19,15745.66,4.71,20.34
CCL,EQ,1051,1.17,14033.78,1.93,20.21
TATAINVEST,EQ,626.45,1.09,31695.29,3.21,20.1
ATLANTAELE,EQ,1078,4.33,8289.46,1.88,20.1
AIAENG,EQ,3740,0.1,34901.82,0.54,19.92
DCXINDIA,EQ,171.13,1.09,1906.16,11.4,19.76
MODEFENCE,EQ,88.9,1.08,1299.72,22.18,19.71
INOXGREEN,EQ,144.75,3.86,5811.6,13.63,19.69
TEXRAIL,EQ,93.28,4.24,3795.23,21.24,19.64
GRWRHITECH,EQ,3872,2.74,8995.58,0.51,19.5
HIKAL,EQ,173.51,2.19,2139.39,11.38,19.45
INDIASHLTR,EQ,738,6.3,8023.22,2.67,19.41
INDGN,EQ,451.65,4.61,10861.28,4.29,19.39
EQUITASBNK,EQ,58.4,4.57,6663.69,33.59,19.38
ASHOKA,EQ,117.82,4.73,3307.48,16.53,19.26
EIEL,EQ,152.95,4.77,2684.73,12.7,19.26
LUXIND,EQ,917,6.65,2757.57,2.11,19.24
DREDGECORP,EQ,907.2,4.04,2540.16,2.13,19.23
BALAMINES,EQ,1057,5.66,3424.79,1.82,19.21
ABDL,EQ,423.75,0.88,11852.72,4.48,19.01
RTNINDIA,EQ,27.73,6,3833.03,68.38,18.97
PARAGMILK,EQ,200.84,1.49,2512.7,9.33,18.88
LLOYDSENGG,EQ,43.3,2.95,5071.25,43.23,18.8
DEEPAKNTR,EQ,1417.9,1.69,19339.17,1.32,18.75
PTC,EQ,163.6,2.83,4842.7,11.43,18.66
FEDFINA,EQ,137.69,5.55,5152.44,13.67,18.64
GENESYS,EQ,274.2,3.69,1145.89,6.78,18.59
PRIVISCL,EQ,2990,1.91,11679.75,0.62,18.58
BLISSGVS,EQ,215.3,2.15,2277.64,8.59,18.58
EMCURE,EQ,1530,1.63,29007.2,1.21,18.53
SHRIPISTON,EQ,3039.6,1.84,13389.38,0.61,18.5
NFL,EQ,70.9,2.8,3478.2,26.26,18.49
HGINFRA,EQ,502.3,2.65,3273.54,3.64,18.47
AVANTEL,EQ,132,3.43,3507.38,13.98,18.45
MON100,EQ,226.33,3.36,11438.37,8.25,18.4
GREAVESCOT,EQ,138.5,2.97,3225.61,13.23,18.34
PROTEAN,EQ,530.85,3.77,2156.14,3.46,18.34
SMLMAH,EQ,4144.8,5,5998.21,0.45,18.28
MASTEK,EQ,1539,5.39,4770.49,1.2,18.26
HINDOILEXP,EQ,131.19,6.87,1734.9,14,18.08
SKYGOLD,EQ,353.5,4.42,5474.79,5.13,17.98
KRBL,EQ,291.4,2.73,6669.85,6.16,17.96
VOLTAMP,EQ,8717.5,2.52,8819.6,0.21,17.91
ANUP,EQ,1665,7.78,3335.24,1.08,17.8
BANCOINDIA,EQ,574.95,1.1,8223.93,3.08,17.78
JYOTHYLAB,EQ,213.7,1.38,7847.37,8.31,17.76
ACMESOLAR,EQ,247.16,0.06,14977.2,6.96,17.42
SHYAMMETL,EQ,788,1.37,21995.59,2.21,17.36
63MOONS,EQ,558.8,2.3,2574.87,3.09,17.35
VENKEYS,EQ,1313.3,4.97,1850.09,1.31,17.33
UCOBANK,EQ,25.7,2.35,32226.67,67.73,17.31
TIMKEN,EQ,3361,0.47,25281.02,0.51,17.25
BAJAJCON,EQ,353.15,2.78,4612.79,4.88,17.21
ABLBL,EQ,98.99,1.75,12081.82,17.43,17.13
LOTUSDEV,EQ,122.7,2.25,5996.64,13.91,17.12
ENDURANCE,EQ,2364.9,1.58,33265.36,0.72,17.03
MOBIKWIK,EQ,184.65,2.02,1452.43,9.14,16.98
MUFIN,EQ,105.89,2.49,1834.35,15.88,16.96
DCW,EQ,42.25,2.25,1247.03,40.04,16.94
DDEVPLSTIK,EQ,236.6,4.71,2448.26,6.96,16.88
SUMICHEM,EQ,388.5,0.83,19391.81,4.3,16.82
RRKABEL,EQ,1446.9,3.86,16364.59,1.18,16.73
GOLDIAM,EQ,306,3.19,3455.29,5.47,16.71
CIEINDIA,EQ,477.7,3.99,18122.14,3.48,16.67
FIEMIND,EQ,2072,3.43,5453.43,0.81,16.61
SEAMECLTD,EQ,1381,1.87,3511.19,1.2,16.59
679GS2031,GS,102.65,0.17,64669.5,16.02,16.45
LXCHEM,EQ,124.2,7.8,3442.18,13.34,16.44
VIKRAN,EQ,63.23,5.03,1630.77,26.13,16.42
PRICOLLTD,EQ,549,4.48,6691.29,3.02,16.38
SANGHVIMOV,EQ,253.55,11.97,2195.13,6.59,16.28
BALUFORGE,EQ,458.5,2.84,5272.38,3.52,16.17
SYMPHONY,EQ,816,4,5603.59,1.98,16.07
STARHEALTH,EQ,462,1.05,27184.02,3.47,16.04
COHANCE,EQ,305.5,1.41,11687.43,5.22,15.95
EBGNG,EQ,388,3.08,4423.65,4.11,15.95
ARKADE,EQ,106.75,3.28,1981.96,14.98,15.94
NETWORK18,EQ,31.51,2.91,4858.84,50.32,15.93
PINELABS,EQ,171.44,6.73,19686.05,9.41,15.86
SIRCA,EQ,433.9,1.78,2464.24,3.64,15.86
KIRIINDUS,EQ,393.55,2.35,2362.19,4,15.78
SUNTV,EQ,604,6.43,23802.71,2.68,15.77
CELLO,EQ,407.15,5.04,8993.33,3.92,15.77
JAYNECOIND,EQ,73.75,1.39,7161.11,21.38,15.74
VIYASH,EQ,195.1,1.35,8522.96,7.97,15.7
AXISCADES,EQ,1453.7,5,6180.75,1.09,15.65
METROPOLIS,EQ,1870,0.65,9692.57,0.83,15.58
GSFC,EQ,160.84,2.63,6409.11,9.69,15.52
TMB,EQ,634,4.05,10039.48,2.46,15.51
MEDANTA,EQ,1047,0.97,28142.35,1.47,15.42
ACE,EQ,847.1,3.19,10087.54,1.83,15.41
V2RETAIL,EQ,1933,1.66,7048.44,0.79,15.3
PREMEXPLN,EQ,450.9,0.16,2424.09,3.35,15.29
EUREKAFORB,EQ,456,5.74,8819.21,3.42,15.22
JUSTDIAL,EQ,531.8,3.78,4522.67,2.86,15.09
PGIL,EQ,1535,4.27,7082.72,0.97,15.06
NACLIND,EQ,127.02,4.99,2972.44,11.92,15.02
MIDHANI,EQ,322.25,0.77,6037.03,4.67,15.02
TRITURBINE,EQ,476,2.22,15131.66,3.18,14.98
BAJAJELEC,EQ,346.9,1.3,4002.82,4.3,14.95
MAHSEAMLES,EQ,563.05,0.93,7544.83,2.64,14.89
THELEELA,EQ,410.9,0.75,13722.33,3.63,14.88
BIRLACORPN,EQ,846.3,2.41,6516.96,1.77,14.85
AVALON,EQ,935.5,3.83,6245.3,1.59,14.85
SAMHI,EQ,152.44,1.69,3372.07,9.65,14.81
EIDPARRY,EQ,820,1.27,14585.56,1.79,14.71
CEMPRO,EQ,550.45,3.96,9456.05,2.69,14.7
KRISHNADEF,EQ,945,2.44,1411.09,1.56,14.58
JUBLINGREA,EQ,575.6,1.94,9168.22,2.51,14.49
PENIND,EQ,143.89,1.65,1941.74,9.87,14.27
SMALLCAP,EQ,40.1,2.14,825.97,35.33,14.13
SAFARI,EQ,1539.5,3.72,7542.62,0.94,14.13
DCAL,EQ,171.01,4.57,2681.15,8.12,13.99
GPPL,EQ,154,1.22,7444.97,9.02,13.91
PATELENG,EQ,24.98,2.67,2478.37,55.45,13.83
WHEELS,EQ,979.7,2.7,2393.7,1.41,13.77
CAPLIPOINT,EQ,1641,0.36,12473.52,0.83,13.75
IOB,EQ,32.6,1.65,62776.48,42.16,13.7
ORIANA,SM,1751.1,2.71,3558.09,0.78,13.69
JAIBALAJI,EQ,63.85,0.92,5824.76,21.36,13.66
KIMS,EQ,672.7,2.16,26917.35,2.03,13.65
ARSSBL,EQ,484.95,2.34,3041.86,2.8,13.63
JSFB,EQ,358.05,4.31,3770.1,3.83,13.58
JSWCEMENT,EQ,118.88,2.03,16207.68,11.46,13.58
BECTORFOOD,EQ,189.3,3.91,5811.33,7.16,13.52
INFOBEAN,EQ,141.7,7.45,1383.08,9.58,13.49
VARROC,EQ,521,5.41,7960.17,2.59,13.44
INDIAGLYCO,EQ,877.85,2.85,5883.94,1.52,13.44
PACEDIGITK,EQ,171.65,2.85,3705.09,7.83,13.4
METROBRAND,EQ,982,6.69,26757.29,1.37,13.37
ARROWGREEN,EQ,397,8.07,598.99,3.28,13.27
RAMCOCEM,EQ,980.8,1.14,23175.56,1.35,13.19
POCL,EQ,1079,4.21,3292.17,1.23,13.18
RTNPOWER,EQ,8.38,2.82,4500.15,157.57,13.13
PNCINFRA,EQ,191,3.39,4899.9,6.84,13.12
MBAPL,EQ,450,0.09,3943.21,2.9,13.09
TTML,EQ,39.68,4.31,7757.15,33.17,13.07
RATEGAIN,EQ,513,6.31,6059.77,2.58,13.03
NORTHARC,EQ,228.2,4.9,3687.07,5.73,12.96
EASEMYTRIP,EQ,7.08,3.66,2574.89,183.78,12.92
TEAMLEASE,EQ,1201,9.19,2013.94,1.08,12.88
NAVA,EQ,562.9,2.1,15930.14,2.28,12.88
IIFLCAPS,EQ,285,1.48,8875.29,4.44,12.77
SENCO,EQ,304.7,2.97,4991.19,4.21,12.77
INTERARCH,EQ,1799.9,4.39,3018.77,0.71,12.73
MIDWESTLTD,EQ,1305,6.82,4718.99,0.98,12.72
KNRCON,EQ,122.25,2.89,3438.09,10.29,12.59
JYOTISTRUC,EQ,10.85,3.53,1295.12,116.11,12.59
NOCIL,EQ,147.7,1.66,2466.96,8.42,12.58
LUMAXIND,EQ,5250,3.59,4907.56,0.24,12.58
SASKEN,EQ,1153.4,11.95,1751.61,1.11,12.51
SHILCTECH,EQ,4030,1.67,4610.4,0.31,12.46
IBULLSLTD,EQ,10.27,4.26,2387.14,118.75,12.41
SOBHA,EQ,1295,1.2,13847.8,0.95,12.35
TVSMNCRPS,P1,10.15,0.5,1928.85,121.91,12.35
RSYSTEMS,EQ,262.7,2.34,3112.52,4.69,12.31
DEEPINDS,EQ,367,3.94,2348.8,3.36,12.29
VPRPL,EQ,39.65,9.02,494.21,31.82,12.23
ALKYLAMINE,EQ,1350,5.55,6904.45,0.91,12.2
CHALET,EQ,750,4.54,16423.81,1.63,12.08
ICIL,EQ,240,3.29,4753.3,4.98,12.07
MSTCLTD,EQ,427,3.57,3006.08,2.81,12.04
SJS,EQ,1656,2.25,5295.27,0.73,12.04
CCAVENUE,EQ,14.81,5.26,5163.33,82.25,11.97
TARC,EQ,126.98,5.03,3747.13,9.44,11.93
STOVEKRAFT,EQ,493.9,3.34,1635.17,2.42,11.86
STYRENIX,EQ,1985,3.24,3490.75,0.59,11.81
ZFCVINDIA,EQ,13774,1.28,26125.95,0.09,11.8
WHIRLPOOL,EQ,844,2.78,10707.98,1.41,11.8
AEROENTER,EQ,77.29,14.83,874.03,15.57,11.77
SULA,EQ,159.4,5.24,1346.09,7.4,11.72
VIDYAWIRES,EQ,55.26,2.5,1175.34,21.2,11.7
PARKHOSPS,EQ,200.24,2.82,8648.98,5.78,11.67
GMRP&UI,EQ,104.08,0.78,8128.83,11.15,11.65
INDRAMEDCO,EQ,404.95,4.19,3712.3,2.88,11.63
DODLA,EQ,1174,17.46,7082.48,1.09,11.61
AFCONS,EQ,288,2.64,10592.2,4.03,11.59
VERANDA,EQ,138,2.31,1327.14,8.31,11.52
KSHINTL,EQ,417.15,1.81,2826.43,2.75,11.51
KIRLOSBROS,EQ,1580,4.1,12546.61,0.73,11.48
CIGNITITEC,EQ,1113.4,5.41,3067.08,1.01,11.21
PARKHOTELS,EQ,113,3.41,2411.13,9.92,11.2
MEDIASSIST,EQ,335,4.98,2499.42,3.35,11.14
RITES,EQ,196.82,2.68,9459.24,5.66,11.13
KITEX,EQ,165.18,2.74,3295.34,6.78,11.11
NSLNISP,EQ,37.33,1,10939.95,29.9,11.08
AGI,EQ,522,2.15,3377.2,2.12,11.08
STYL,EQ,251,0.71,4061.33,4.37,11.07
ARIS,EQ,105.25,2.62,860.54,10.43,11
RAMASTEEL,EQ,5.72,11.28,935.51,199.83,10.99
MOREPENLAB,EQ,38.67,1.6,2118.94,28.28,10.98
E2E,BE,2270,3.36,4665.98,0.49,10.93
ALOKINDS,EQ,13.25,5.33,6578.94,83.24,10.92
MEDPLUS,EQ,844.6,2.99,10139.82,1.31,10.91
FINPIPE,EQ,177.78,0.97,11030.84,6.13,10.89
GNFC,EQ,419.6,1.75,6165.63,2.6,10.88
STALLION,EQ,118.2,3.6,1372.13,9.2,10.82
MARKSANS,EQ,168,2.46,7613.15,6.41,10.76
RMDRIP,EQ,38.87,5,970.97,28.13,10.73
VENUSPIPES,EQ,1001,8.25,2073.68,1.08,10.72
ATUL,EQ,6333,2.17,18645.46,0.17,10.69
DPEL,SM,388,7.97,968.65,2.73,10.67
SKIPPER,EQ,354.2,2.61,3999.06,3,10.66
BAJAJHIND,EQ,15.94,1.14,2036.11,66.24,10.65
USHAMART,EQ,411.9,3.1,12552.31,2.59,10.61
PRUDENT,EQ,2363,3.67,9784.4,0.45,10.58
DENTA,EQ,245.75,3.6,656.15,4.2,10.58
GHCL,EQ,454.5,0.94,4178.41,2.31,10.55
WALCHANNAG,EQ,150.4,1.55,1020.34,6.94,10.54
AUTOBEES,EQ,263.04,1.65,398.57,4,10.53
EPACK,EQ,245,0.99,2357.6,4.24,10.51
SAMBHV,EQ,92.8,5.26,2734.55,11.4,10.5
SBILIQETF,EQ,1030.87,0.01,68.63,1.01,10.39
ETHOSLTD,EQ,2172.6,6.45,5813.38,0.48,10.32
SDBL,EQ,74.22,2.98,1464.18,13.85,10.32
DELTACORP,EQ,55.14,4.18,1476.49,18.74,10.3
BEPL,EQ,88.1,7.97,2192.44,11.77,10.29
HERITGFOOD,EQ,322,3.34,2988.03,3.2,10.21
INA,EQ,100.25,7.56,2209.46,10.18,10.12
MID150,EQ,20.94,1.65,8.23,48.44,10.12
RELAXO,EQ,286,3.79,7119.64,3.61,10.11
NIACL,EQ,134.8,1.17,22215.04,7.47,10.08
MANORAMA,EQ,1338,2.64,7989,0.76,10.04
GANESHCP,EQ,173,9.37,699.14,5.8,10
EFCIL,EQ,203.1,3.85,2788.23,4.91,10
ITIETF,EQ,32.7,3.22,446.72,30.02,9.86
KERNEX,EQ,962.5,2.73,1617.23,1.02,9.84
AYE,EQ,109,6.56,2689.95,9.13,9.79
HCG,EQ,563,2.14,7938.73,1.72,9.73
SUPRIYA,EQ,592.85,3.19,4771.42,1.64,9.69
VALIANTORG,EQ,237.16,20,664.51,4.21,9.66
BOMDYEING,EQ,107.55,2.16,2221.28,8.99,9.64
ALGOQUANT,EQ,56.9,3.45,1599.44,16.86,9.64
ECOSMOBLTY,EQ,122.98,0.7,737.88,7.76,9.58
MINDACORP,EQ,506,3.4,12097.42,1.88,9.47
AARTIPHARM,EQ,653,1.31,5919.95,1.44,9.42
ALLCARGO,EQ,8.37,6.76,1253.64,114.1,9.41
PHARMABEES,EQ,23.25,0.17,1074.98,40.35,9.4
GODREJIND,EQ,830.05,0.18,27956.49,1.13,9.38
ACI,EQ,570.15,0.68,7038.98,1.62,9.28
BLSE,EQ,142.5,0.16,1294.7,6.42,9.26
GALLANTT,EQ,551.75,0.57,13312.68,1.66,9.26
GARUDA,EQ,164.2,2.57,1527.75,5.61,9.16
ATALREAL,EQ,23.18,3.39,287.19,39.18,9.03
KMEW,EQ,1559.9,0.73,3813.04,0.57,9.02
NUCLEUS,EQ,828,7.72,2179.74,1.09,9.02
ASIANTILES,EQ,60.2,0.22,1396.11,14.76,8.98
ASALCBR,EQ,742.6,5.3,1409.4,1.21,8.97
OPTIEMUS,EQ,350,6.32,3104.11,2.57,8.94
GAEL,EQ,136.09,4.6,6242.05,6.6,8.93
CHEMPLASTS,EQ,275,6.06,4348.01,3.24,8.87
UTKARSHBNK,EQ,12.13,1.34,2158.56,73.46,8.87
SIGACHI,EQ,20,7.7,764.23,45,8.86
ERIS,EQ,1305,1.92,18077.29,0.68,8.81
RBA,EQ,61.75,0.65,3598.9,14.31,8.81
SPMLINFRA,EQ,172,1.91,1297.86,5.07,8.79
WENDT,EQ,6799,1.93,1359.8,0.13,8.75
FLAIR,EQ,318.4,5.15,3355.79,2.75,8.74
KIOCL,EQ,324.1,2.94,19697.21,2.69,8.69
SHAREINDIA,EQ,129.18,4.28,2809.56,6.78,8.65
648GS2035,GS,101.05,0.06,194016,8.51,8.6
GULFOILLUB,EQ,968.9,0.41,4786.37,0.89,8.6
INDIACEM,EQ,372.7,4,11549.87,2.33,8.6
GICRE,EQ,370.9,0.84,65070.7,2.31,8.6
CRAMC,EQ,239,2.05,4766.08,3.58,8.58
NUVOCO,EQ,305,4.65,10893.26,2.82,8.57
SMSPHARMA,EQ,383.5,2.9,3591.56,2.24,8.54
IVALUE,EQ,233.15,2.36,1273.71,3.69,8.51
MANINFRA,EQ,94,4.6,3794.47,9.07,8.51
ORKLAINDIA,EQ,566.8,2.2,7764.55,1.5,8.46
MAHLOG,EQ,380.2,1.32,3772.44,2.19,8.43
ANZEN,IV,122,2.52,3119.77,7,8.41
SAKSOFT,EQ,120,2.75,1590.62,6.96,8.4
HITECH,EQ,77.8,3.48,1580.18,10.84,8.38
SANOFI,EQ,3455,0.19,7957.08,0.24,8.37
JKPAPER,EQ,334.85,4.4,5672.44,2.52,8.36
PVTBANIETF,EQ,26.52,0.87,2725.23,31.46,8.33
FMCGIETF,EQ,51.5,0.06,737.45,16.06,8.28
CARRARO,EQ,429.5,0.21,2441.77,1.91,8.24
KANSAINER,EQ,175,0.74,14149.18,4.68,8.23
SUVEN,EQ,138.11,0.53,3203.49,5.81,8.2
SWARAJENG,EQ,3700,3.74,4495.45,0.22,8.18
GLOBUSSPR,EQ,885,7.58,2572.52,0.95,8.18
PNGJL,EQ,561.2,1.93,7615.95,1.45,8.11
CARERATING,EQ,1556,0.15,4675.06,0.52,8.1
BBTC,EQ,1543.5,2.14,10769.29,0.52,8.1
MAHSCOOTER,EQ,12684,1.63,14496,0.06,8.1
SAPPHIRE,EQ,172.99,4.44,5559.6,4.63,7.89
THYROCARE,EQ,372.9,3.1,5935.27,2.11,7.86
CASHIETF,EQ,1053.99,0.03,835.95,0.74,7.85
SPANDANA,EQ,212.25,5.62,1513.45,3.69,7.82
EIHOTEL,EQ,323.3,2.37,20218.02,2.42,7.8
PICCADIL,EQ,552.5,0.86,5442,1.4,7.78
AHLUCONT,EQ,743.8,2.96,4982.53,1.05,7.71
DHANUKA,EQ,1002,1.46,4516.85,0.75,7.68
SUNTECK,EQ,323.75,2.89,4742.58,2.37,7.66
WEWORK,EQ,503.5,9.47,6748.07,1.57,7.6
RENUKA,EQ,24.09,1.26,5127.53,31.42,7.57
BLKASHYAP,EQ,51,4.77,1149.74,14.45,7.57
LEMERITE,EQ,461.05,0.12,1154.17,1.62,7.54
PSUBANK,EQ,866.4,0.87,2368.08,0.85,7.38
RUBICON,EQ,763,1.44,12570.45,0.96,7.37
EXPLEOSOL,EQ,755,5.09,1171.74,0.99,7.36
QUESS,EQ,182.49,4.1,2723.07,4.02,7.36
PROSTARM,EQ,129.98,3.32,765.25,5.61,7.35
JTLIND,EQ,52.14,1.4,2049.53,14.08,7.33
ATULAUTO,EQ,427.8,3.97,1187.2,1.72,7.32
ORIENTTECH,EQ,269.9,2.41,1236.3,2.7,7.3
CARYSIL,EQ,817,4.9,2323.76,0.9,7.3
QUICKHEAL,EQ,152.4,8.15,826.51,4.81,7.25
BANKIETF,EQ,56.51,0.87,2892.7,12.83,7.23
IONEXCHANG,EQ,342,3.98,5016,2.12,7.18
SETFNIFBK,EQ,565.74,0.78,3717.18,1.26,7.1
RGL,EQ,102.2,2.06,1096.87,6.94,7.09
TAJGVK,EQ,313.4,3.14,1965.06,2.23,6.99
ICICIB22,EQ,119.26,0.3,10240.71,5.83,6.97
JUBLPHARMA,EQ,850.05,1.47,13539.69,0.81,6.95
FUSION,EQ,165.5,4.75,2670.61,4.22,6.95
TATVA,EQ,1172.4,0.58,2742.48,0.58,6.94
MARSONS,EQ,138.72,4.18,2387.37,5.01,6.93
AJMERA,EQ,114.8,0.82,2259.21,5.94,6.89
RAMKY,EQ,481.85,0.69,3334.3,1.4,6.81
AKZOINDIA,EQ,2924,0.97,13315.99,0.23,6.8
BBL,EQ,2362,2.48,2669.8,0.29,6.79
DIGITIDE,EQ,77.25,2.32,1151.12,8.68,6.78
VAIBHAVGBL,EQ,214.18,3.33,3577.87,3.17,6.74
NELCO,EQ,609.4,3.03,1390.55,1.1,6.7
PURVA,EQ,189,4.13,4482.13,3.51,6.69
SHREEJISPG,EQ,371.5,1.88,6052.41,1.8,6.68
TVSHLTD,EQ,13800,0.86,27920.3,0.05,6.68
VIMTALABS,EQ,432.05,3.96,1929.94,1.55,6.68
SUPRAJIT,EQ,408.4,1.58,5602.07,1.63,6.64
HIMATSEIDE,EQ,81.82,2.13,1028.82,7.99,6.63
SCHNEIDER,BE,898,1,21471.54,0.74,6.62
TIPSMUSIC,EQ,530,3.74,6775.07,1.26,6.61
SHK,EQ,129.7,5.66,1795.32,5.12,6.54
MAXESTATES,EQ,374.85,2.7,6126.75,1.72,6.5
FABTECH,EQ,148.1,7.33,658.32,4.43,6.5
INOXINDIA,EQ,1191.1,3.35,10810.84,0.55,6.47
NEXT50,EQ,673.14,0.62,1131.31,0.96,6.47
GLAXO,EQ,2433.4,0.16,41223.26,0.26,6.46
AGARWALEYE,EQ,432.5,1.47,13701.92,1.48,6.42
ALPHA,EQ,46.21,1.69,719.61,13.89,6.41
CORONA,EQ,1629.7,4.4,9967.26,0.39,6.41
SKFINDIA,EQ,1603,2.21,7924.91,0.4,6.41
VSTTILLERS,EQ,5313.5,1.07,4592.65,0.12,6.41
COSMOFIRST,EQ,641,0.18,1682.61,0.99,6.4
SURYAROSNI,EQ,210.89,2.7,4589.72,3.01,6.37
ZOTA,EQ,1161,5.13,3954.44,0.55,6.37
MARINE,EQ,178.6,1.35,2469.94,3.53,6.36
AWHCL,EQ,448.75,0.88,1273.65,1.42,6.36
HIRECT,EQ,1520,2.81,2611.94,0.42,6.3
ARMANFIN,EQ,1484.7,4.7,1560.85,0.42,6.28
ACETEC,ST,135,0.41,221.18,4.7,6.25
GOODLUCK,EQ,1050.5,0.36,3491.71,0.59,6.21
MOREALTY,EQ,72.96,2.43,264.04,8.5,6.19
ORIENTCEM,EQ,139,1.77,2855.89,4.41,6.15
SBCL,EQ,420.9,0.95,2424.56,1.45,6.15
GODREJAGRO,EQ,588,1.8,11308.94,1.04,6.14
CGCL,EQ,171.1,0.82,16462.45,3.59,6.12
JKLAKSHMI,EQ,614,2.01,7622.47,0.99,6.1
HDFCLIQUID,EQ,1052.49,0.02,87.61,0.57,6.05
VSTIND,EQ,226.8,4.9,3852.45,2.68,6.03
RATNAMANI,EQ,2430,0.88,17032.36,0.25,6.03
JAICORPLTD,EQ,102.67,4.95,1801.91,5.89,6.01
WAKEFIT,EQ,166.99,6.01,5457.71,3.64,6.01
NIITLTD,EQ,65.66,6.13,895.5,9.11,6
CRIZAC,EQ,218.07,6.59,3815.84,2.78,5.98
NIFTY1,EQ,262,0.89,3194.16,2.28,5.96
MOL,EQ,44.72,7.66,1137.29,13.44,5.95
AUTOAXLES,EQ,1722.2,0.17,2602.58,0.34,5.92
PILANIINVS,EQ,4800,8.17,5314.68,0.13,5.91
IFBIND,EQ,1024,2.26,4149.12,0.58,5.9
RHIM,EQ,381.2,3.31,7871.83,1.55,5.89
PFIZER,EQ,4810,1.79,22004.66,0.12,5.87
BHARATWIRE,EQ,168.1,6.23,1152.91,3.52,5.82
GREENPOWER,EQ,9.55,4.14,1120.25,60.96,5.79
VASCONEQ,EQ,33.29,5.25,761.23,17.55,5.79
BIRLANU,EQ,1299,8,979.56,0.46,5.77
VGUARD,EQ,332.05,2.79,14502.43,1.75,5.75
CAMLINFINE,EQ,129.6,0.75,2489.51,4.39,5.75
SHARDAMOTR,EQ,820,5.69,4707.43,0.7,5.74
GTLINFRA,EQ,1.06,3.92,1347.96,545.8,5.73
LANDMARK,EQ,372,4.63,1542.49,1.51,5.71
DIAMONDYD,EQ,922,0.49,2203.91,0.61,5.69
MIDCAPETF,EQ,21.16,1.73,1461.14,26.88,5.67
MARATHON,EQ,425,8.42,2865.37,1.38,5.67
SUBROS,EQ,690.1,2.16,4501.92,0.81,5.62
ARVINDFASN,EQ,409,3.65,5465.47,1.38,5.59
SANGHIIND,EQ,52.5,0.02,1356.21,10.55,5.56
MAYURUNIQ,EQ,504.9,0.2,2193.92,1.07,5.5
GMMPFAUDLR,EQ,872,1.35,3920.27,0.62,5.46
SOLARA,EQ,442,2.93,1598.84,1.21,5.43
GANESHHOU,EQ,623,5.94,5195.02,0.87,5.34
SOLARWORLD,EQ,166,5.27,1438.77,3.26,5.33
DCMSHRIRAM,EQ,1094,3.03,17060.09,0.49,5.32
TVSELECT,EQ,407.9,3.27,760.75,1.28,5.29
PGHL,EQ,4936,0.33,8193.45,0.11,5.28
VESUVIUS,EQ,488.9,0.61,9922.75,1.07,5.27
HECPROJECT,EQ,109.4,0.81,118.57,4.2,5.27
RALLIS,EQ,244,2.41,4745.04,2.16,5.27
ASKAUTOLTD,EQ,419,3.2,8260.27,1.26,5.26
AVL,EQ,451.1,0.89,5825.42,1.17,5.25
VADILALIND,EQ,4680,2.4,3363.9,0.11,5.25
VENTIVE,EQ,676.9,4.95,15808.43,0.79,5.24
MTNL,EQ,25.81,6.52,711.38,20.73,5.24
UTIAMC,EQ,972.8,1.49,12502.43,0.54,5.23
RIIL,EQ,661.5,4.13,998.87,0.8,5.22
PLATIND,EQ,209,2.93,1147.93,2.46,5.2
SALZERELEC,EQ,558.7,2.51,987.93,0.92,5.18
SRM,EQ,403.95,4.95,926.83,1.29,5.17
VISHNU,EQ,515.05,0.86,3467.07,0.99,5.15
MOM30IETF,EQ,29.82,1.46,504.83,17.28,5.15
KPEL,EQ,279.9,2.53,1892.01,1.84,5.13
LIQGRWBEES,EQ,1031.93,0.03,123.59,0.5,5.12
ANTHEM,EQ,646.5,1.37,36314.8,0.79,5.1
CARBORUNIV,EQ,765,1.61,14570.54,0.66,5.08
JPOLYINVST,EQ,1235,2.49,1298.22,0.41,5.07
KALAMANDIR,EQ,101.6,3.69,1558.2,4.95,5.04
CEINSYS,EQ,957,2.79,1707.4,0.52,5.01
KROSS,EQ,187.9,3.15,1212.13,2.68,5
PSPPROJECT,EQ,679,0.4,2691.68,0.74,4.99
NESCO,EQ,1056,1.01,7440.57,0.47,4.98
SHILPAMED,EQ,324.3,2.01,6342.72,1.52,4.95
EMUDHRA,EQ,411.55,0.97,3408.12,1.2,4.93
GVPIL,BE,449,2.62,3018.51,1.09,4.9
NEPHROPLUS,EQ,552.85,7.3,5547.34,0.91,4.89
SFL,EQ,534.95,4.58,5815.48,0.93,4.88
GATEWAY,EQ,53.26,1.51,2661.1,9.05,4.85
DATAMATICS,EQ,709.6,1.92,4194.19,0.68,4.84
MOM100,EQ,60.72,1.98,762.97,7.97,4.82
ORISSAMINE,EQ,3643.7,2.94,2186.22,0.13,4.82
NIFTYETF,EQ,257,0.8,4897.67,1.86,4.79
SKFINDUS,EQ,2269,1.65,11217.47,0.21,4.75
KSL,EQ,682,4.22,2977.14,0.7,4.74
ITETF,EQ,31,2.51,91.46,15.14,4.71
TAC,SM,455.05,4.3,956.8,1.02,4.7
SGFIN,EQ,382.9,2.04,2140.22,1.22,4.7
SARTELE,SM,184,1.66,866.78,2.54,4.7
EXICOM,EQ,91,2.5,1265.63,5.07,4.65
HARIOMPIPE,EQ,318.15,3.97,985.22,1.45,4.61
JLHL,EQ,1275,1.25,8359.67,0.36,4.6
STARCEMENT,EQ,209,1.82,8619.77,2.2,4.59
SETFNN50,EQ,702.8,1.42,2792.4,0.65,4.57
RITCO,EQ,200.01,0.64,572.48,2.25,4.56
NIFTYBETA,EQ,262.57,0.99,67200.92,1.73,4.54
BHAGERIA,EQ,147.5,4.59,643.75,3.11,4.52
UNITECH,EQ,4.55,5.57,1189.66,100.56,4.51
DECCANCE,EQ,658.3,2.82,922.11,0.69,4.51
AKUMS,EQ,480,3.48,7554.91,0.94,4.5
PANACEABIO,EQ,340.5,7.35,2085.59,1.34,4.49
DOLPHIN,EQ,388,0.22,1552.18,1.15,4.49
GIPCL,EQ,134.95,3.54,2094.64,3.33,4.48
RUSTOMJEE,EQ,386,0.84,4872.61,1.15,4.47
GKENERGY,EQ,106.75,1.02,2165.07,4.19,4.47
ABINFRA,EQ,17.6,2.39,1124.27,26.01,4.47
SCODATUBES,EQ,130.3,7.58,780.61,3.51,4.46
TNPETRO,EQ,85.35,5.23,767.91,5.21,4.44
ICEMAKE,EQ,818,0.44,1290.78,0.53,4.42
AARTIDRUGS,EQ,340.5,1.9,3107.74,1.28,4.38
ORIENTELEC,EQ,168.3,3.47,3590.95,2.59,4.36
SGMART,EQ,438,0.72,5518.8,0.98,4.35
RESPONIND,EQ,158,0.22,4212.41,2.72,4.33
HLEGLAS,EQ,287.5,2.77,1996.82,1.5,4.32
PRINCEPIPE,EQ,247.85,3.75,2740.26,1.74,4.32
VINATIORGA,EQ,1434.2,2.85,14867.72,0.3,4.28
ADVENTHTL,EQ,153.3,2.09,826.94,2.74,4.27
POKARNA,EQ,866,0.77,2684.95,0.49,4.25
RAJRATAN,EQ,386,2.92,1959.76,1.1,4.23
EXCELSOFT,EQ,77.3,2.14,889.6,5.46,4.23
RPEL,EQ,658.35,1.83,3022.61,0.64,4.22
ISGEC,EQ,903.95,1.17,6646.7,0.46,4.22
TICL,EQ,26.28,0.46,407.34,16.22,4.22
TCI,EQ,954,0.63,7321.36,0.43,4.17
ROLEXRINGS,EQ,121,3.69,3295.23,3.46,4.16
SHANTIGOLD,EQ,191.2,5.75,1378.48,2.2,4.13
675GS2029,GS,103,0.07,105060,4,4.12
JKIL,EQ,511,3.96,3866.51,0.81,4.12
GEOJITFSL,EQ,59.45,4.92,1659.38,6.94,4.08
SPIC,EQ,62.92,3.78,1281.3,6.48,4.07
KRSNAA,EQ,611.8,2.43,1984.6,0.66,4.04
SERVOTECH,EQ,71.25,3.43,1609.15,5.7,4.03
WESTLIFE,EQ,437.5,0.11,6809.42,0.92,4.03
601GS2030,GS,99.9,0.49,98901,4.03,4.01
UTLSOLAR,EQ,194.35,4.35,5955.1,2.06,4.01
SUDARSCHEM,EQ,815.35,3.42,6409.62,0.49,3.99
ZUARI,EQ,206.7,2.46,869.34,1.93,3.99
EPACKPEB,EQ,160.02,5,1607.43,2.51,3.98
JSWHL,EQ,16700,0.15,18536.37,0.02,3.97
PAKKA,EQ,86.15,6.62,387.23,4.56,3.95
UNIECOM,EQ,95.25,2.16,1070.41,4.12,3.95
SURYODAY,EQ,127.5,0.36,1355.2,3.1,3.94
SALASAR,EQ,7.13,1.86,1246.29,55.15,3.93
SHRIRAMPPS,EQ,69.98,0.97,1194.24,5.56,3.91
IGPL,EQ,378.75,7.02,1166.35,1.04,3.9
AONELIQUID,EQ,1051.31,0.03,104.01,0.37,3.89
TOP10ADD,EQ,87.99,0.89,725.46,4.38,3.86
MUTHOOTMF,EQ,152.86,3.03,2606.14,2.53,3.86
DBL,EQ,438.1,1.34,7116.71,0.87,3.82
NELCAST,EQ,126,4.98,1096.22,3.04,3.82
PITTIENG,EQ,795,2.79,2993.46,0.48,3.81
ALPEXSOLAR,SM,742,4.8,1895.29,0.52,3.79
GREENPLY,EQ,200.4,3.86,2502.75,1.89,3.79
MAHLIFE,EQ,353,2.57,7531,1.08,3.76
PRAKASH,EQ,123.3,3.55,2208.08,3.08,3.76
RAMCOSYS,EQ,410.4,0.72,1536.55,0.9,3.76
WSTCSTPAPR,EQ,427,7.06,2820.29,0.9,3.75
HDFCNIFTY,EQ,266.48,0.81,4691.5,1.4,3.73
HNGSNGBEES,EQ,514.9,2.78,1214.48,0.73,3.73
TRUALT,EQ,387.1,0.53,3319.48,0.96,3.72
COMSYN,EQ,153.99,0.62,615.22,2.42,3.72
BALMLAWRIE,EQ,164.8,2.56,2818.14,2.23,3.67
MOTISONS,EQ,13.01,0.7,1280.78,28.23,3.67
UTSSAV,SM,215,18.03,512.09,1.79,3.67
ADVAIT,EQ,1625,5.23,1777.23,0.23,3.64
MOMENTUM50,EQ,49.09,1.55,290.59,7.4,3.62
GEMAROMA,BE,168.5,1.15,880.2,2.13,3.62
DCI,EQ,274.9,6.88,439.84,1.32,3.61
SMCGLOBAL,EQ,67.2,3.5,1407.17,5.37,3.61
MMFL,EQ,436,2.01,2105.08,0.84,3.61
TCPLPACK,EQ,2474,2.67,2251.34,0.15,3.61
SUDEEPPHRM,EQ,623,3.11,7036.7,0.58,3.61
MIDCAPIETF,EQ,21.41,1.66,630.91,16.72,3.57
CANTABIL,EQ,252,1.51,2107.68,1.41,3.57
ROSSARI,EQ,429,1.19,2375.95,0.83,3.57
TSFINV,EQ,373.95,4.27,8305.57,0.96,3.56
NIITMTS,EQ,293,1.31,4027.15,1.21,3.55
SIYSIL,EQ,490,3.61,2223.13,0.73,3.52
AVADHSUGAR,EQ,418,4.04,836.77,0.84,3.52
METAL,EQ,11.67,0.17,433.37,30.19,3.52
PRECAM,EQ,121.1,1.73,1150.28,2.87,3.51
MONARCH,EQ,268.5,0.79,2128.35,1.27,3.48
ADSL,EQ,106,4.02,599.05,3.31,3.48
RAJESHEXPO,BZ,103.3,0.24,3050.04,3.36,3.48
BLUEDART,EQ,5232,1.62,12414.46,0.07,3.47
SMARTWORKS,EQ,405,3.83,4627.61,0.87,3.47
GROWWLIQID,EQ,108.28,0.04,88.26,3.19,3.46
BHAGCHEM,EQ,191,0.37,2476.68,1.79,3.45
AJAXENGG,EQ,491.2,0.28,5619.66,0.7,3.45
C2C,SM,368,0.04,624.44,0.92,3.45
MICEL,EQ,33.65,1.39,811,10.17,3.43
FCL,EQ,22.18,3.21,2541.28,15.43,3.4
MOVALUE,EQ,113.75,0.93,150.34,2.99,3.4
GUJTHEM,EQ,285,4.38,3105.51,1.2,3.39
STERTOOLS,EQ,186,6.57,676.01,1.81,3.38
TVSSCS,BE,104.28,3.05,4600.63,3.25,3.38
TIIL,EQ,2208,4.97,5006.15,0.15,3.34
754GS2036,GS,107.68,0.44,160443.2,3.1,3.33
SAATVIKGL,EQ,359.45,3.92,4568.79,0.92,3.29
ALPL30IETF,EQ,26.21,0.5,1479.59,12.45,3.27
EIMCOELECO,EQ,1552.3,0.29,895.43,0.21,3.26
PSB,EQ,23.5,2.58,16674.63,13.92,3.26
ASTEC,EQ,594.5,1.55,1324.68,0.54,3.25
APLLTD,EQ,675.45,0.81,13276.86,0.48,3.25
CENTURYPLY,EQ,681,2.78,15129.98,0.48,3.24
INFRABEES,EQ,927,1.24,174.25,0.35,3.22
HINDWAREAP,EQ,205,8.92,1714.75,1.61,3.22
DYCL,EQ,278,2.87,1347.15,1.16,3.2
GOPAL,EQ,279.15,2.33,3479.56,1.14,3.19
INDOTECH,EQ,1310,1.72,1391.22,0.24,3.19
OILIETF,EQ,11.35,0.8,270.21,28.04,3.18
KELLTONTEC,EQ,17,3.66,897.27,18.65,3.17
MSPL,EQ,30.68,0.23,1738.93,10.26,3.16
ASTRAZEN,EQ,8477,0.33,21192.5,0.04,3.15
AVG,EQ,168.79,5,254.16,1.92,3.15
LGBBROSLTD,EQ,1810,1.91,5772.53,0.17,3.14
RUPA,EQ,126.33,1.67,1004.63,2.48,3.12
ARVSMART,EQ,544.2,1.99,2496.08,0.57,3.12
EMIL,EQ,94,3.04,3616.64,3.33,3.11
SOUTHWEST,EQ,207.4,10.03,618.67,1.53,3.11
RPGLIFE,EQ,1928,1.57,3188.72,0.16,3.11
ROSSTECH,EQ,699.75,2.63,2637.81,0.45,3.1
LTGILTBEES,EQ,29.42,0.07,2581.66,10.51,3.09
UNIPARTS,EQ,464,3.2,2094.25,0.67,3.07
KRMAYURVED,SM,190,7.07,403.96,1.67,3.07
DHAMPURSUG,EQ,120.49,1.95,774.83,2.54,3.06
VINDHYATEL,EQ,1120.8,2.68,1328.24,0.27,3.06
ORCHPHARMA,EQ,540,2.09,2738.83,0.57,3.06
KOPRAN,EQ,117.45,3.43,567.14,2.6,3.05
IZMO,BE,725,1.01,1084.79,0.42,3.05
AIMTRON,SM,819,4.93,1687.89,0.38,3.04
FILATEX,EQ,40.99,2.6,1820.2,7.45,3.03
KCP,EQ,145,1.51,1869.36,2.11,3.03
ITDC,EQ,439.95,3.17,3773.42,0.68,3.03
JUNIPER,EQ,203.7,0.7,4532.37,1.45,3.01
KDDL,EQ,2320,6.79,2853.43,0.13,2.99
ROTO,EQ,58.5,3.78,1102.41,5.12,2.97
MPSLTD,EQ,1559,3.12,2666.8,0.19,2.95
INDOFARM,EQ,131.28,4.29,630.82,2.26,2.95
DLINKINDIA,EQ,403.2,2.52,1431.56,0.73,2.94
NRBBEARING,EQ,257,0.65,2490.91,1.14,2.94
MIRCELECTR,EQ,26.1,8.39,964.11,11.41,2.93
STANLEY,EQ,148.5,0.19,848.32,1.93,2.92
HATHWAY,EQ,10.1,2.85,1787.81,29,2.91
ACCENTMIC,SM,360.05,5.87,863.72,0.81,2.89
SOMANYCERA,EQ,390.9,7.7,1603.19,0.75,2.87
SPAL,EQ,723,4.55,1814.19,0.4,2.87
ROHLTD,EQ,325.8,0.23,893.51,0.88,2.87
ALPHAETF,EQ,23.96,0.08,383.11,12,2.87
SGBSEP31II,GB,16100,1.38,18795.08,0.02,2.86
SGBFEB32IV,GB,16183,0.71,20692.91,0.02,2.85
CENTRUM,EQ,22.61,3.34,1039.11,12.45,2.85
IRMENERGY,EQ,201.99,1.93,829.36,1.41,2.85
GRINFRA,EQ,925.95,0.78,8959.54,0.31,2.85
SIGNPOST,EQ,242.4,5.37,1295.63,1.16,2.85
FISCHER,EQ,36.6,4.99,2373.57,7.8,2.85
EKC,EQ,105.8,1.08,1187.16,2.69,2.84
NAVKARCORP,EQ,85.81,2.85,1291.61,3.29,2.84
KRISHANA,EQ,490.25,3.34,3031.1,0.59,2.84
DIVGIITTS,EQ,691,2.6,2113.28,0.41,2.83
SUNFLAG,EQ,220,3.42,3964.83,1.29,2.83
MOLDTKPAC,EQ,523.85,6.35,1740.7,0.55,2.8
MAHAPEXLTD,EQ,132.55,12.56,187.56,2.15,2.78
MASFIN,EQ,302.9,2.8,5496.22,0.92,2.76
STLNETWORK,EQ,18.66,1.69,910.58,14.74,2.75
IKIO,EQ,125,5.52,966.01,2.23,2.75
ORIENTHOT,EQ,91.75,4.65,1638.65,2.99,2.74
SETL,EQ,118.94,2.63,2372.75,2.3,2.74
DOLLAR,EQ,261.5,5.23,1483.13,1.06,2.73
KOLTEPATIL,EQ,328,0.43,2908.71,0.83,2.72
UTTAMSUGAR,EQ,203.4,4.35,775.73,1.35,2.71
ASHWINI,SM,144.95,6.66,217.43,1.93,2.71
MANGLMCEM,EQ,821,0.68,2257.53,0.33,2.7
AUTOIETF,EQ,26.34,1.82,172.33,10.24,2.7
REPCOHOME,EQ,368.9,1.89,2307.89,0.73,2.68
GENCON,EQ,44.1,2.06,251.31,6.1,2.67
REDTAPE,EQ,118.7,2.13,6561.83,2.24,2.66
KIRLOSIND,EQ,2812,2.55,2955.24,0.09,2.65
RAJOOENG,EQ,57.89,2.04,1034.35,4.57,2.65
LOWVOLIETF,EQ,21.13,0.62,3466.87,12.44,2.64
IMAGICAA,EQ,40.86,2.02,2312.11,6.38,2.63
DALMIASUG,EQ,301,2.16,2436.27,0.87,2.63
MANAKCOAT,EQ,114.2,1.14,1208.62,2.29,2.62
GALAXYSURF,EQ,1734,2.42,6147.85,0.15,2.62
MOCAPITAL,EQ,46.66,1.46,135.08,5.61,2.62
INGERRAND,EQ,3672.2,1.4,11592.4,0.07,2.62
GROWWDEFNC,EQ,80.98,0.88,279.82,3.21,2.6
SOLEX,EQ,950,3.99,1026.24,0.28,2.6
INSECTICID,EQ,582.05,2.83,1693.64,0.45,2.6
MAMATA,EQ,389.7,1.39,958.97,0.66,2.58
LAXMIDENTL,EQ,175.55,1.77,964.86,1.46,2.57
HATSUN,EQ,981,2.99,21851.61,0.27,2.57
INDOSTAR,EQ,198.28,0.7,3203.63,1.29,2.57
SSWL,EQ,187,3.26,2939.27,1.38,2.57
SURAJEST,EQ,202.5,0.45,967.41,1.27,2.57
PNBGILTS,EQ,70.25,2.27,1264.57,3.64,2.57
SUBEXLTD,EQ,8.6,7.63,483.32,30.46,2.56
SJLOGISTIC,SM,280,11.22,428.21,0.94,2.56
BCG,BE,9.16,0.66,1848.42,27.71,2.54
SUYOG,EQ,680.05,6.26,796.82,0.38,2.54
TIRUPATIFL,EQ,44.1,0.55,548.07,5.77,2.54
HUHTAMAKI,EQ,165.2,1.69,1247.62,1.52,2.53
BFUTILITIE,BZ,432.35,4.29,1628.56,0.59,2.52
FINEORG,EQ,4298,0.15,13177.66,0.06,2.51
725GS2063,GS,98.59,0.05,236616,2.54,2.51
CONSUMBEES,EQ,121.37,0.83,191.22,2.06,2.5
BGRENERGY,BE,311.85,3.21,2250.36,0.8,2.49
RPTECH,EQ,350,0.49,2306.49,0.71,2.48
TARSONS,EQ,190,0.72,1010.92,1.32,2.48
FOSECOIND,EQ,5235,1.33,3945.76,0.05,2.46
DAVANGERE,EQ,4,0.5,572,60.92,2.46
BSE500IETF,EQ,36.85,1.1,330.27,6.61,2.44
GARFIBRES,EQ,624.2,1.31,6196.17,0.39,2.43
SHANTIGEAR,EQ,447.95,0.95,3436.49,0.54,2.43
WAAREEINDO,BE,349.4,4.99,1453.63,0.71,2.42
ALEMBICLTD,EQ,81.9,3.1,2103.04,2.95,2.39
MOSMALL250,EQ,15.22,1.74,176.25,15.73,2.39
TALBROAUTO,EQ,243.55,3.68,1503.39,0.97,2.37
PARACABLES,EQ,35.01,3.73,1068.54,6.82,2.37
AFIL,BE,8.88,4.96,378.95,27.09,2.37
SKMEGGPROD,EQ,167,7.29,879.42,1.46,2.37
ALLTIME,EQ,217.4,5.1,1424.14,1.11,2.37
ENERGY,EQ,36.34,0.55,224.62,6.49,2.36
SANOFICONR,EQ,4270,1.59,9834.08,0.05,2.34
BYKE,EQ,33.98,2.94,177.65,6.96,2.34
MID150CASE,EQ,10.42,2.06,210.11,22.43,2.32
SUPREMEPWR,SM,171,4.78,427.35,1.34,2.32
ADVANCE,EQ,101.09,2.12,649.86,2.26,2.31
BLUEWATER,SM,149.9,3.38,164.89,1.55,2.29
AUTOIND,EQ,61.5,3,279.06,3.7,2.29
ONWARDTEC,EQ,251,9.56,571.03,0.94,2.28
NDRAUTO,EQ,715.95,7.57,1702.91,0.33,2.28
BHARATSE,EQ,166.8,2.53,1047.5,1.36,2.26
PATELRMART,EQ,173.3,5.03,578.83,1.29,2.25
ICRA,EQ,5245,0.67,5062.07,0.04,2.25
HARDWYN,BE,17.9,0.96,874.3,12.49,2.24
TBZ,EQ,134.59,3.3,898.13,1.67,2.23
MAHKTECH,EQ,23.13,1.98,448.06,9.65,2.22
MANALIPETC,EQ,46.6,5.43,801.52,4.77,2.21
AAREYDRUGS,EQ,71.5,7.44,202.73,3.03,2.19
KALPATARU,EQ,307.4,2.54,6329.8,0.72,2.18
BANSALWIRE,EQ,260.4,3.01,4076.72,0.84,2.16
KECL,EQ,83.49,5.44,554.49,2.62,2.16
HDFCNIFBAN,EQ,56.87,1.26,5422.63,3.79,2.15
BODALCHEM,EQ,47.12,8.27,593.45,4.62,2.13
KHAICHEM,EQ,51.7,5.1,501.43,4.11,2.12
RPSGVENT,EQ,624.35,4.19,2065.75,0.34,2.12
INDIQUBE,EQ,144.91,4.51,3071.59,1.47,2.12
MEIL,EQ,240.5,4.31,664.5,0.88,2.11
ADVENZYMES,EQ,282,0.46,3156.34,0.74,2.1
TINNARUBR,EQ,628.3,0.02,1131.93,0.33,2.1
MCLEODRUSS,EQ,35.5,0.25,370.82,5.8,2.1
JAGSNPHARM,EQ,185.25,0.09,1239.15,1.11,2.07
MIDSELIETF,EQ,16.63,2.34,89.13,12.38,2.06
MAITHANALL,EQ,931,1.29,2710.29,0.22,2.05
KAMDHENU,EQ,21.76,0.09,613.38,9.35,2.05
TOP100CASE,EQ,10.2,0.39,133.39,20.05,2.04
GUJALKALI,EQ,430,3.83,3157.79,0.48,2.04
BOROLTD,EQ,233.1,2.04,2787.46,0.88,2.04
SANDHAR,EQ,492,2.38,2961.38,0.42,2.04
PPL,EQ,194,3.97,464.02,1.04,2.02
SENSEXIETF,EQ,873.25,0.42,26930.22,0.23,2
REPRO,EQ,372.3,4.13,534.08,0.55,2
VMART,EQ,528.05,3.51,4195.79,0.38,2
FMGOETZE,EQ,395.1,1.84,2198.03,0.5,1.99
HGS,EQ,363.2,0.89,1689.62,0.54,1.99
GOCLCORP,EQ,242,4.56,1199.65,0.83,1.98
VISAKAIND,EQ,57.3,1.22,495.1,3.44,1.97
SHALBY,EQ,144.18,3.59,1557.28,1.37,1.96
VEEDOL,EQ,1347.9,3.05,2348.58,0.15,1.96
LIBERTSHOE,EQ,255.16,0.77,434.79,0.74,1.95
KKCL,EQ,442.55,0.14,2727.22,0.43,1.93
DPABHUSHAN,EQ,1025,3.03,2339.86,0.19,1.92
EEPL,SM,125,1.05,161.99,1.54,1.91
YAAP,ST,147,1.41,307.72,1.26,1.9
PFS,EQ,27.6,3.49,1772.7,6.9,1.9
GANDHAR,EQ,132.35,1.43,1295.44,1.44,1.9
OWAIS,SM,96.9,4.98,176.19,2.04,1.89
IT,EQ,32.5,2.46,385.98,5.77,1.89
WONDERLA,EQ,521,2.47,3304.33,0.36,1.88
GJL,ST,263.3,4.98,381.97,0.72,1.88
BCLIND,EQ,27.56,3.07,813.47,6.74,1.88
SYNCOMF,EQ,12.05,4.24,1132.7,15.65,1.87
SARVESHWAR,EQ,3.21,3.88,394.42,58.33,1.86
BUILDPRO,EQ,964,1.43,2337.64,0.19,1.85
DIFFNKG,EQ,253,5.81,946.88,0.74,1.85
MASPTOP50,EQ,68.84,2.11,1160.81,2.71,1.85
JAYBARMARU,EQ,89.9,6.23,973.17,2.09,1.85
654GS2032,GS,100.54,0.3,156842.4,1.83,1.84
GROWWRAIL,EQ,30.3,1.24,131.29,6.06,1.83
AARTISURF,EQ,349,0.72,295.43,0.52,1.83
ARIHANTCAP,EQ,69.97,0.45,766.96,2.61,1.83
MIDCAP,EQ,16.39,2.69,174.41,11.1,1.81
UDS,EQ,141.9,1.23,950.07,1.26,1.81
GICHSGFIN,EQ,146.9,1.45,791.07,1.23,1.81
SNOWMAN,EQ,35.3,3.34,589.82,5.03,1.78
THOMASCOTT,EQ,260,4.94,381.43,0.68,1.77
BHARATRAS,EQ,1345,3.32,2235.53,0.13,1.76
GREENLAM,EQ,216.7,0.8,5529.05,0.81,1.75
KSOLVES,EQ,283.2,5.36,671.52,0.62,1.74
ARTEMISMED,EQ,229,2.97,3624.47,0.77,1.74
NSIL,EQ,5475.5,1.58,2812.31,0.03,1.74
DWARKESH,EQ,37.17,1.7,688.77,4.66,1.74
DSSL,EQ,912.9,3.54,1161.7,0.19,1.74
NAVNETEDUL,EQ,132,3.45,2920.01,1.32,1.73
MASTERTR,EQ,71.84,2.8,883.75,2.35,1.73
GROWWPOWER,EQ,10.55,0.76,134.54,16.36,1.72
EBBETF0430,EQ,1567.97,0.12,25063.22,0.11,1.71
COFFEEDAY,EQ,25.34,2.26,535.31,6.72,1.71
SHETHJI,SM,115.6,0.65,263.11,1.49,1.69
JGCHEM,EQ,343.95,3.83,1347.8,0.49,1.69
BANKNIFTY1,EQ,57.16,0.86,5789.99,2.97,1.69
HEALTHIETF,EQ,149,0.41,153.79,1.13,1.68
DANISH,SM,648,4.21,1276.02,0.26,1.67
KUANTUM,EQ,81.5,7.15,711.2,2.07,1.67
SCILAL,EQ,42.05,0.79,1958.68,3.95,1.66
5PAISA,EQ,295.05,1.36,922.17,0.55,1.64
BLUSPRING,EQ,46.99,2.67,700.77,3.48,1.64
JAYKAY,EQ,136,3.37,1771.9,1.21,1.63
DENORA,EQ,753,4.94,399.74,0.22,1.63
MUKANDLTD,EQ,128,0.95,1849.54,1.28,1.63
SUMIT,EQ,46.63,3.42,211.09,3.48,1.63
UFBL,EQ,221.41,10,865.41,0.75,1.62
738GS2027,GS,103.44,0.09,146884.8,1.57,1.62
OSWALGREEN,EQ,25.27,7.44,648.96,6.42,1.62
SIMPLEXINF,EQ,177,4.8,1399.99,0.91,1.61
DREAMFOLKS,EQ,73.99,5.81,394.14,2.18,1.59
HNDFDS,EQ,484,1.06,5782.92,0.33,1.59
SILVERTUC,EQ,111.9,4.97,1419,1.42,1.58
DISHTV,EQ,2.28,3.64,419.81,69.31,1.58
VAKRANGEE,EQ,6.05,1.68,655.33,26.16,1.57
SAHANA,SM,999.9,1.86,883.62,0.16,1.57
BOROSCI,EQ,106.85,1.63,950.4,1.45,1.56
SPORTKING,EQ,116.45,2.81,1479.75,1.34,1.56
PRSMJOHNSN,EQ,126.65,1.11,6375.01,1.23,1.56
SHAH,EQ,4.76,1.49,421.36,32.4,1.55
MAXVOLT,SM,257,1.42,280.23,0.6,1.54
BASILIC,SM,190,1.14,480.04,0.8,1.54
NIFTYCASE,EQ,9.48,0.96,38.48,16.14,1.53
IFBAGRO,EQ,717.45,5,672.04,0.21,1.51
MIDSMALL,EQ,45.61,1.67,386.62,3.32,1.51
IEML,SM,72,10.43,132,2.13,1.51
APTECHT,EQ,80.01,2.37,464.08,1.85,1.5
RELTD,EQ,137.7,4.04,2458.69,1.1,1.49
IGARASHI,EQ,315.6,1.81,993.35,0.47,1.49
PSUBNKIETF,EQ,88.65,1.9,119.73,1.7,1.49
GPTINFRA,EQ,106.2,1.73,1341.99,1.38,1.47
SWELECTES,EQ,548,2.52,830.7,0.27,1.47
DBCORP,EQ,213.35,4.26,3802.8,0.7,1.47
DRONE,SM,42.85,6.2,104.55,3.4,1.46
SSEGL,SM,337.9,0.57,877.82,0.43,1.46
LICMFGOLD,EQ,139.35,0.04,1457.01,1.05,1.46
GANESHBE,EQ,77.58,0.82,558.49,1.88,1.46
VIVIANA,SM,693,9.09,701.65,0.22,1.45
HONDAPOWER,EQ,2059.8,1.92,2089.27,0.07,1.45
20MICRONS,EQ,156.6,2.24,552.59,0.92,1.45
ADFFOODS,EQ,188,4.61,2065.44,0.78,1.44
SUNDROP,EQ,626,1.31,2359.82,0.23,1.44
GREENPANEL,EQ,196.01,2.07,2403.62,0.73,1.44
SAURASHCEM,EQ,60.59,0.75,674.29,2.34,1.43
CENTENKA,EQ,423.95,3.54,926.36,0.35,1.42
RKSWAMY,EQ,89.88,0.83,453.69,1.56,1.42
MONTECARLO,EQ,524.2,3.28,1086.77,0.27,1.41
ONMOBILE,EQ,50.05,1.36,532.14,2.76,1.41
SGBMAY29I,GB,15399.99,0.51,8191.21,0.01,1.4
SANATHAN,EQ,386,0.63,3258,0.36,1.4
TPLPLASTEH,EQ,63.75,4.25,497.27,2.22,1.4
GNA,EQ,395.6,1.32,1698.34,0.35,1.4
DEN,EQ,26.51,1.3,1265.12,5.24,1.39
SPLPETRO,EQ,673,2.65,12655.18,0.21,1.39
YASHO,EQ,1427.9,5.52,1721.63,0.1,1.38
MCLOUD,EQ,22.75,2.66,1340.13,6.1,1.38
BANKETF,EQ,561.99,0.9,243.24,0.25,1.38
GULPOLY,EQ,157.6,1.92,982.96,0.87,1.38
LAXMIINDIA,EQ,83.99,4.1,439,1.65,1.37
UNIHEALTH,ST,358.65,4.99,563.08,0.39,1.37
BHAGYANGR,EQ,151.4,2.51,484.4,0.91,1.37
JAYBEE,SM,88,19.97,198.59,1.7,1.36
AXISBPSETF,EQ,13.23,0.23,1017.92,10.32,1.36
TIL,EQ,189.35,0.56,1261.11,0.72,1.36
PIONEEREMB,EQ,25.83,7.98,79.57,5.52,1.36
FOODSIN,EQ,53.51,1.34,393.47,2.49,1.36
MATRIMONY,EQ,438,4.86,905.36,0.32,1.35
MONIFTY500,EQ,22.38,0.63,224.47,5.99,1.34
URJA,EQ,9.29,5.69,488.15,14.54,1.34
WCIL,EQ,95.72,4.28,975.92,1.4,1.33
NDTV,EQ,73.3,2.29,827.01,1.82,1.33
718GS2037,GS,103.75,0.24,178450,1.28,1.33
TRANSWORLD,EQ,134,2.09,294.23,0.99,1.33
DURLAX,SM,49.05,1.34,141.91,2.7,1.32
UFLEX,EQ,447,1.17,3227.85,0.29,1.32
ANDHRAPAP,EQ,62.99,3.64,1252.56,2.12,1.32
3IINFOLTD,EQ,13.59,6.84,281.85,9.89,1.31
IGCL,EQ,58.94,1.9,372.64,2.22,1.31
OCCLLTD,EQ,88.74,3.34,443.26,1.46,1.3
SCML,SM,137,6.16,157.68,0.96,1.3
BOSCH-HCIL,EQ,1290,2.61,3507.62,0.1,1.29
GOKUL,EQ,42.36,4.41,419.34,3.04,1.29
FLYSBS,SM,415.5,4.99,718.97,0.31,1.29
SRHHYPOLTD,EQ,442.6,2.94,759.71,0.29,1.28
SAHASRA,SM,232.5,3.52,581.08,0.56,1.28
HEIDELBERG,EQ,153.26,1.73,3473.07,0.85,1.28
JUBLCPL,EQ,1705,5.33,2583.5,0.08,1.28
HESTERBIO,EQ,1423.1,0.5,1210.61,0.09,1.28
INDOAMIN,EQ,92.49,1.09,671.36,1.38,1.28
ABSMARINE,SM,163.75,0.61,402.01,0.78,1.28
PANAMAPET,EQ,273.65,4.23,1655.41,0.47,1.27
STEELCAS,EQ,236.2,9.17,2390.34,0.55,1.27
HDFCMID150,EQ,21.09,2.28,159.52,6.06,1.27
TEXINFRA,EQ,89.5,6.57,1140.47,1.45,1.27
AMNPLST,EQ,150,0.17,825.3,0.84,1.26
LOKESHMACH,EQ,208,4.1,415.93,0.61,1.26
MINDTECK,EQ,188,8.74,600.74,0.69,1.25
PROZONER,EQ,45,0.85,686.71,2.74,1.24
EQUAL50ADD,EQ,323,0.39,1099.22,0.38,1.23
KRYSTAL,EQ,575,4.51,803.39,0.21,1.22
SIS,EQ,280,2.9,3954.9,0.44,1.22
CAPILLARY,EQ,510,0.47,4044.9,0.24,1.21
SIGMAADV,EQ,159.06,5,2803.27,0.77,1.21
EIFFL,EQ,230,0.01,570.4,0.53,1.21
HERANBA,EQ,177.51,3.86,710.28,0.68,1.21
CAPINVIT,IV,68.13,0.31,3348.94,1.78,1.21
DEVX,EQ,40.01,12.61,360.84,3.12,1.2
GUFICBIO,EQ,302.9,3.08,3037.56,0.4,1.19
CONNPLEX,SM,229,1.98,437.39,0.51,1.19
ZUARIIND,EQ,238,2.23,708.79,0.5,1.19
RAMCOIND,EQ,265,2.36,2301.3,0.44,1.18
RADIANTCMS,EQ,35.61,4.37,379.99,3.32,1.17
BSLNIFTY,EQ,27.8,1.2,3186.27,4.21,1.17
OLIL,SM,327.95,2.82,183.43,0.36,1.17
AARNAV,EQ,26.44,7.79,111.68,4.63,1.16
CGRAPHICS,SM,142.5,0.18,346.08,0.81,1.16
ORIENTPPR,EQ,16.58,3.56,351.8,7.01,1.16
ESAFSFB,EQ,23.35,0.13,1204.07,4.91,1.16
SUMMITSEC,EQ,1579,3.66,1721.39,0.07,1.16
RNFI,SM,260,5.16,651.58,0.44,1.16
CHEMCON,EQ,150.55,1.84,551.48,0.76,1.15
INFRAIETF,EQ,92.95,2.21,384.64,1.25,1.15
DHANBANK,EQ,23.24,2.92,917.28,4.98,1.15
NAHARSPING,EQ,206,4.2,742.95,0.56,1.15
BIRLAMONEY,EQ,117.97,2.29,666.64,0.97,1.14
SUMEETINDS,EQ,30.9,3.62,1626.35,3.7,1.14
NATHBIOGEN,EQ,142.81,1.71,271.4,0.79,1.13
TRF,EQ,241,5.89,265.21,0.48,1.13
DEFENCE,EQ,66.75,1.52,44.75,1.69,1.12
RBZJEWEL,EQ,117.99,1.94,471.96,0.96,1.12
FINIETF,EQ,30.61,1.8,269.26,3.69,1.12
GSEC5IETF,EQ,64.8,0.28,20.66,1.74,1.12
WINDLAS,EQ,734.85,1.28,1548.86,0.15,1.11
KINGFA,EQ,4215,1.61,5711.91,0.03,1.11
ALLDIGI,EQ,754,4.08,1148.97,0.15,1.1
ACCELYA,EQ,1200,1.59,1791.15,0.09,1.1
KOTYARK,EQ,345.1,0.45,354.73,0.32,1.1
JINDWORLD,EQ,21.84,4.3,2189.68,5.06,1.1
KRISHCA,SM,170,1.8,245.48,0.64,1.09
INDIANHUME,EQ,325,2.06,1712.16,0.34,1.09
GILT5YBEES,EQ,64.32,0.11,244.77,1.69,1.09
GPTHEALTH,EQ,124.5,2.43,1021.58,0.88,1.09
BETA,EQ,1120.5,2.98,1135.84,0.1,1.08
SHANKARA,EQ,108.6,3.1,263.35,0.99,1.08
DCMSRIND,EQ,34.85,4.37,303.17,3.14,1.08
SML100CASE,EQ,9.2,2,49.25,11.76,1.07
ALICON,EQ,668.75,1.13,1092.53,0.16,1.07
CAPITALSFB,EQ,237.7,1.82,1079.6,0.45,1.07
LIKHITHA,EQ,145,2.24,572.02,0.74,1.07
MAFANG,EQ,160.21,0.65,3962.05,0.67,1.07
FOCUS,EQ,68.02,0.59,458.76,1.57,1.07
VAL30IETF,EQ,15.16,0.26,43.32,7.01,1.06
VINYAS,SM,925,1.43,1164.09,0.12,1.06
OSELDEVICE,SM,528.15,5,934.54,0.2,1.06
TRACXN,EQ,32.57,1.75,347.64,3.23,1.06
RADHIKAJWE,EQ,59.11,3.32,697.5,1.78,1.06
INDUSINVIT,IV,125,0.3,5536.73,0.84,1.05
ASMS,EQ,8.4,3.45,255.84,12.5,1.05
PIXTRANS,EQ,1443.6,0.98,1966.93,0.07,1.05
PRABHA,EQ,156.2,3.88,2138.46,0.68,1.04
TECHD,SM,524.9,3.74,392.61,0.2,1.04
RAMRAT,EQ,310,0.45,2892.33,0.33,1.03
HDFCMOMENT,EQ,29.65,1.68,119.53,3.48,1.03
PURPLEUTED,SM,284.15,4.99,273.06,0.36,1.03
AARTECH,EQ,47.7,13.98,151.54,2.25,1.03
SGIL,EQ,500.2,0.99,777.46,0.21,1.03
IRISDOREME,EQ,30.25,1.89,575.75,3.37,1.03
PENINLAND,EQ,15.38,0.13,510.2,6.54,1.02
MUFTI,EQ,75.99,1.78,496.75,1.34,1.02
JTEKTINDIA,EQ,130.6,1.45,3621.7,0.78,1.01
RUSHIL,EQ,15.7,2.55,460.66,6.41,1.01
VILAS,SM,397,1.34,971.86,0.26,1.01
ANDHRSUGAR,EQ,70.5,1.45,955.52,1.43,1.01
KICL,EQ,4555,1.49,1988.4,0.02,1.01
SINCLAIR,EQ,77.5,4.38,397.26,1.32,1
ROCKINGDCE,ST,173.65,4.96,98.27,0.58,1
JAGRAN,EQ,62.39,1.84,1357.95,1.61,1
SMALL250,EQ,15.18,1.95,43.63,6.58,1
PVP,EQ,25.79,0.9,671.58,3.84,1
ZODIAC,EQ,255,8.28,385.65,0.4,0.99
BUTTERFLY,EQ,598,2.45,1069.2,0.17,0.99
XCHANGING,EQ,58.28,4.82,649.26,1.71,0.99
AXISNIFTY,EQ,261.73,0.79,1191.45,0.38,0.99
BRNL,EQ,20.7,17.88,173.78,4.92,0.99
BRIGHOTEL,EQ,60.25,2.14,2288.55,1.63,0.98
SYSTANGO,SM,260,7.28,381.39,0.38,0.97
TEJASCARGO,SM,298,2.41,712.01,0.32,0.96
SBIBPB,EQ,50.2,1.35,1408.33,1.92,0.96
EXCELINDUS,EQ,874,2.2,1098.68,0.11,0.96
TERASOFT,EQ,338.7,4.99,423.78,0.28,0.95
ZTECH,SM,512.5,1.54,740.99,0.18,0.95
DIVOPPBEES,EQ,78.29,1.31,67.43,1.21,0.94
BFINVEST,EQ,383.95,3.27,1446.25,0.24,0.94
GUJAPOLLO,EQ,412,1.82,486.16,0.23,0.94
WANBURY,BE,250,0.91,873.48,0.37,0.93
NCLIND,EQ,179.88,2.91,813.65,0.52,0.93
LGHL,EQ,269.9,2.7,1352,0.35,0.93
VERTOZ,EQ,37.3,7.18,317.91,2.48,0.92
OPTIVALUE,SM,80.6,2.54,188.7,1.15,0.92
EQUAL50,EQ,314.61,0.84,140.87,0.29,0.92
CONTROLPR,EQ,646.7,0.69,1034.35,0.14,0.91
76NHAI31,NA,1079,0.18,2886.61,0.08,0.9
LTGILTCASE,EQ,30.02,0.13,105.22,3.01,0.9
DYNPRO,EQ,226,10.31,280.88,0.42,0.9
TOLINS,EQ,101,2.28,399.04,0.88,0.9
NIF100BEES,EQ,269.85,5.34,327.51,0.35,0.89
SBIETFIT,EQ,325,2.52,66.82,0.27,0.89
TNPL,EQ,136.4,2.36,944.03,0.65,0.88
SHREEPUSHK,EQ,305,0.54,986.3,0.29,0.88
INDNIPPON,EQ,775,3.18,1753.16,0.11,0.88
AMANTA,EQ,96.5,1.55,374.7,0.91,0.88
TVTODAY,EQ,107.95,4.65,644.12,0.82,0.87
AFFORDABLE,EQ,152.4,0.53,171.39,0.56,0.86
AVPINFRA,SM,91.7,1.61,229.06,0.94,0.86
ALLETEC,SM,143,6.04,288.78,0.6,0.86
SATIN,EQ,148,2.22,1634.97,0.58,0.85
GPECO,SM,318,2.66,376.22,0.27,0.85
VIDHIING,EQ,280,2.62,1398.46,0.31,0.85
RBMINFRA,SM,315,3.08,318.24,0.27,0.85
FAIRCHEMOR,EQ,535,4.04,673.88,0.16,0.84
BAHETI,SM,522,0.21,541.24,0.16,0.84
KILITCH,EQ,320,0.16,559.39,0.26,0.84
GLOTTIS,EQ,44.5,2.39,411.19,1.87,0.84
BASML,EQ,19.88,4.14,158.88,4.19,0.84
TNIDETF,EQ,79.62,3.04,159.22,1.05,0.83
PARTH,SM,300,2.76,410.04,0.28,0.83
TREJHARA,EQ,170,4.72,399.6,0.51,0.83
JINDALPHOT,EQ,1217,2.23,1248.44,0.07,0.83
MWL,EQ,270,1.39,801.92,0.31,0.83
INFLUX,SM,225.5,4.88,522.04,0.37,0.83
SPENCERS,EQ,29.73,2.38,267.96,2.73,0.83
CLSEL,EQ,242.65,3.34,1206.59,0.34,0.82
NV20BEES,EQ,144.99,2.32,148.25,0.56,0.8
MOGOLD,EQ,153.05,0.03,1721.44,0.52,0.8
MDL,SM,52.4,3.76,92.96,1.58,0.8
VIKASLIFE,EQ,1.35,8,250.79,61.16,0.8
GGBL,SM,260.15,7.01,645.2,0.31,0.8
SARLAPOLY,EQ,82.01,2.26,684.81,0.97,0.8
SHREDIGCEM,EQ,62.35,1.32,921.96,1.27,0.79
SAFEENTP,SM,222.8,3.1,1038.35,0.35,0.79
GROWWNIFTY,EQ,9.65,1.9,22.61,8.29,0.79
MONQ50,EQ,96,1.28,140.88,0.82,0.79
BBETF0432,EQ,1316,0.38,10608.75,0.06,0.78
BIRLACABLE,EQ,132.99,2.51,398.97,0.58,0.78
AMBIKCO,EQ,1291,1.49,739.1,0.06,0.78
HIGREEN,SM,127.95,2.69,319.75,0.61,0.77
PDMJEPAPER,EQ,74,3.42,702.63,1.03,0.76
GICL,BE,44.5,2.82,498.2,1.75,0.76
FAZE3Q,BE,442,4.86,1074.9,0.17,0.76
UNICHEMLAB,EQ,320.6,2.4,2257.21,0.23,0.76
INDORAMA,EQ,32.98,3.22,861.15,2.29,0.76
PARIN,SM,644,0.96,716,0.12,0.75
BRANDMAN,SM,140.55,9.98,259.42,0.54,0.75
EIHAHOTELS,EQ,310.1,3.06,1889.63,0.24,0.75
ARCHIDPLY,EQ,72.4,4.26,143.82,1.04,0.74
INDOWIND,EQ,9,8.56,144.9,8.34,0.74
OBSCP,SM,306,0.71,748.24,0.24,0.73
STEELXIND,EQ,7.68,1.05,957.87,9.47,0.72
MAHEPC,EQ,114,2.32,318.54,0.63,0.72
PAUSHAKLTD,EQ,419.4,2.84,1034.11,0.17,0.72
GLOBAL,EQ,103.48,4.05,526.73,0.7,0.72
BLAL,EQ,171.2,2.18,712.95,0.42,0.71
SHALPAINTS,EQ,46.6,0.26,390.09,1.5,0.71
EVINDIA,EQ,28.35,1.91,147.13,2.52,0.71
ABSLBANETF,EQ,56.9,1.75,2593.02,1.27,0.71
VALIANTLAB,EQ,51,0.04,276.99,1.39,0.71
MAKEINDIA,EQ,151.35,0.86,239.82,0.47,0.71
NEXT50BETA,EQ,71.78,2.53,2214.17,1,0.71
ORICONENT,EQ,67.97,0.46,1067.45,1.04,0.71
INNOMET,SM,74.5,7.35,96.4,0.99,0.7
RAMAPHO,EQ,119.1,3.42,421.45,0.6,0.7
TARACHAND,EQ,57.3,0.05,451.67,1.21,0.7
GHCLTEXTIL,EQ,73.2,0.05,699.69,0.94,0.7
JITFINFRA,BE,334,0.24,858.5,0.21,0.7
WSI,EQ,71.5,4.98,542.41,1.02,0.69
TCIEXP,EQ,490,1.74,1882.53,0.14,0.69
PIGL,EQ,100.55,5.51,179.31,0.69,0.69
KAMATHOTEL,EQ,184.01,0.58,542.46,0.37,0.68
BORANA,BE,376,0.21,1001.86,0.18,0.68
HILINFRA,EQ,50.7,4.13,363.62,1.36,0.68
VGINFOTECH,SM,122,4.77,303.4,0.56,0.68
SEJALLTD,EQ,497,0.4,566.58,0.14,0.68
OMAXAUTO,EQ,101.49,5.83,216.9,0.68,0.68
ESTER,EQ,93.05,1.46,908.04,0.71,0.67
ADOR,EQ,971,3.11,1689.81,0.07,0.67
DENTALKART,SM,399.05,1.49,691.82,0.17,0.66
HEXATRADEX,EQ,163.7,2.28,904.36,0.41,0.66
IFGLEXPOR,EQ,145.96,1.5,1052.06,0.45,0.66
CUBEXTUB,EQ,92.6,1.9,132.59,0.72,0.66
PRIMESECU,EQ,290.9,5.84,986.16,0.23,0.65
SURAKSHA,EQ,261.15,1.89,1360.09,0.25,0.65
SHRIAHIMSA,SM,235,1.84,550.63,0.28,0.65
735NHAI31,N9,1079,0.01,6455.2,0.06,0.65
MAANALU,BE,131.09,5,786.34,0.5,0.65
RTL,SM,95,5.32,125.39,0.68,0.65
BFSI,EQ,26.82,0.9,430.43,2.42,0.65
ASAL,EQ,419,1.65,664.72,0.15,0.64
USHAFIN,SM,32.4,20,140.86,2.3,0.64
NILKAMAL,EQ,1233.6,0.26,1840.84,0.05,0.64
ARIHANTSUP,EQ,221.25,3.32,956.91,0.29,0.64
CHANDAN,SM,250,2.77,611.3,0.26,0.64
VIPCLOTHNG,EQ,18.17,4.97,163.77,3.58,0.64
BESTAGRO,BE,14.8,2.78,524.91,4.36,0.64
CNL,EQ,608.8,1,914.22,0.1,0.63
EMAMIREAL,EQ,60.01,1.1,263.05,1.09,0.63
GALAPREC,EQ,778,2.19,995.65,0.08,0.63
GROWWEV,EQ,28.35,2.2,246.55,2.23,0.63
TVSSRICHAK,EQ,3635,1.54,2783.34,0.02,0.63
SHREERAMA,EQ,48.43,5.44,646.39,1.29,0.63
HDFCNEXT50,EQ,67.95,2.46,146.59,0.93,0.62
CYBERTECH,EQ,111.99,5.51,348.63,0.56,0.62
PASUPTAC,EQ,46.59,4.72,415.27,1.34,0.62
SOTL,EQ,347,1.71,2379.05,0.18,0.61
MODIS,EQ,311,2.13,609.29,0.19,0.61
BANSWRAS,EQ,111.55,3.12,381.86,0.55,0.61
CHEMICAL,EQ,26.8,1.59,51.2,2.29,0.61
CKKRETAIL,ST,134.9,0.19,261.27,0.47,0.61
BMWVENTLTD,EQ,59.9,0.08,519.42,1.01,0.61
DVL,EQ,217.35,4.67,761.26,0.28,0.61
TRIGYN,EQ,50.8,10.65,156.39,1.25,0.61
CLEDUCATE,EQ,47.05,0.38,255.12,1.25,0.6
SATIA,EQ,59.77,1.15,597.7,1,0.6
LYKALABS,EQ,54.6,5.85,194.87,1.09,0.6
HDFCSENSEX,EQ,86.79,1.18,928.94,0.69,0.59
RML,EQ,750.5,3.24,2074.17,0.08,0.59
SUBAHOTELS,SM,118.85,3.03,288.12,0.5,0.59
COMMOIETF,EQ,96.8,0.3,112.44,0.61,0.59
LAGNAM,EQ,65.3,5.44,115.38,0.92,0.59
APS,SM,305.6,0.86,616.09,0.19,0.59
ARIES,EQ,334.15,1.3,434.54,0.17,0.58
PYRAMID,EQ,147.62,4.12,543.02,0.4,0.58
MAGADSUGAR,EQ,434,2.53,611.58,0.13,0.58
BCONCEPTS,EQ,231,0.26,288.33,0.24,0.57
VSSL,EQ,240.4,3.69,2324.32,0.24,0.57
BANKADD,EQ,56.46,0.82,640.26,1.01,0.57
GOACARBON,EQ,320,3.33,292.83,0.18,0.57
VLSFINANCE,EQ,233.5,3.71,732.69,0.24,0.57
INTLCONV,EQ,70.2,0.17,447.74,0.8,0.56
MUNJALAU,EQ,76.2,1.11,762,0.73,0.56
NV20IETF,EQ,13.86,0.65,179.63,4,0.56
XELPMOC,EQ,97.7,8.4,144.2,0.58,0.55
GFLLIMITED,EQ,45.2,4.24,496.52,1.24,0.55
CORDSCABLE,EQ,153.35,4.34,198.25,0.36,0.55
UNITEDPOLY,EQ,27.55,4.99,632.32,2.01,0.55
SWARAJ,ST,294,0.34,647.34,0.18,0.55
HDFCNIFIT,EQ,31.38,2.75,112.17,1.73,0.54
MAZDA,EQ,180.84,1.81,362.13,0.3,0.54
NILASPACES,EQ,13.1,2.1,515.99,4.11,0.54
NECLIFE,EQ,11.32,3.38,219.9,4.82,0.54
AKI,EQ,4.65,1.53,47.99,10.66,0.53
VSTL,EQ,112.32,3.49,212.99,0.48,0.53
RPPINFRA,EQ,72.99,3.15,361.93,0.73,0.53
BAJAJINDEF,EQ,237.67,1.28,760.54,0.22,0.53
BELLACASA,EQ,272,3.62,364.14,0.19,0.52
MOMIDMTM,EQ,63.5,8.84,29.95,0.88,0.52
GLOBECIVIL,EQ,43.6,2.16,260.37,1.2,0.52
GINNIFILA,EQ,36.45,3.49,312.19,1.43,0.52
CIFL,EQ,26.75,2.1,1046.08,1.98,0.52
KCPSUGIND,EQ,23.5,3.62,266.45,2.25,0.52
MADRASFERT,EQ,64.1,2.89,1032.66,0.8,0.51
DBOL,EQ,98,1.62,650.6,0.52,0.51
AERON,SM,88.25,0.86,150.2,0.58,0.51
GSLSU,EQ,62.92,2.13,266.67,0.8,0.51
INDOBORAX,EQ,248.8,1.96,798.4,0.21,0.51
NDL,EQ,2.35,3.98,338.75,22,0.5
VIESL,SM,239,10.19,588.95,0.22,0.5
DONEAR,EQ,87.9,2.96,457.08,0.57,0.49
AURUM,EQ,170.25,0.62,1298.07,0.29,0.49
ESSARSHPNG,EQ,24.2,0.12,500.88,2.01,0.49
GTPL,EQ,59.4,3.02,668.03,0.82,0.49
DBEIL,EQ,69.4,3.54,323.27,0.7,0.48
THEMISMED,EQ,76.9,2.14,708.25,0.62,0.48
BANKBETA,EQ,57.29,1.54,3721.56,0.84,0.48
NIFTYADD,EQ,249.08,0.81,210.52,0.19,0.48
FROG,SM,132.6,4.16,206.25,0.38,0.48
GROWWNET,EQ,8.7,4.32,26.1,5.59,0.48
MEGATHERM,SM,197.5,1.75,372.1,0.24,0.47
ZEELEARN,EQ,5.3,1.73,173.34,8.88,0.47
SMARTEN,SM,56,1.45,106.4,0.84,0.47
CONS,EQ,11.35,2.16,33.09,4.17,0.47
NIF100IETF,EQ,27.29,1.04,152.98,1.7,0.46
DSFCL,EQ,23.1,0.83,200.95,1.95,0.46
SPECIALITY,EQ,98.8,3.57,476.57,0.47,0.46
574GS2026,GS,102.79,1.02,83259.9,0.45,0.46
MUKKA,EQ,21.63,1.12,648.9,2.12,0.46
APRAMEYA,SM,231,9.38,439.82,0.2,0.46
NAHARCAP,EQ,229.5,3.44,384.32,0.2,0.46
PSUBANKADD,EQ,87.51,1.5,226.76,0.52,0.46
PRIZOR,ST,383.25,5,409.74,0.12,0.46
KOKUYOCMLN,EQ,81.9,4.64,821.49,0.56,0.46
SCHAND,EQ,152.01,4.22,536.17,0.31,0.46
ASAHISONG,EQ,196.95,3.25,232.15,0.23,0.45
JKIPL,EQ,52.65,3.24,202.1,0.86,0.45
FINKURVE,EQ,56.3,1.48,788.48,0.79,0.45
RSWM,EQ,140,4.56,659.42,0.33,0.45
TREL,EQ,25.4,3.89,624.07,1.78,0.45
PSRAJ,SM,280,1.23,211.07,0.16,0.45
MOMOMENTUM,EQ,60.29,3.17,120.76,0.75,0.45
AONENIFTY,EQ,9.74,0.93,18.9,4.56,0.44
TASTYBITE,EQ,6930,0.57,1778.24,0.01,0.44
SAHAJSOLAR,SM,120,0.84,263.66,0.38,0.44
HMAAGRO,EQ,23.8,0.89,1191.83,1.83,0.44
GULFPETRO,EQ,29.19,3.18,148.82,1.5,0.44
SASTASUNDR,EQ,290,0.78,922.5,0.15,0.44
OAL,EQ,248.5,2.05,836.29,0.18,0.44
MOMENTUM,EQ,29.65,1.51,43.59,1.47,0.44
ZEEMEDIA,BE,7.57,4.99,473.45,5.81,0.43
PPAP,EQ,205.5,1.28,290.06,0.21,0.43
EXXARO,EQ,6.94,4.99,310.5,6.26,0.43
KESORAMIND,BE,7.87,4.93,244.49,5.51,0.43
PUNJABCHEM,EQ,1050,1.31,1287.53,0.04,0.43
BROOKS,EQ,57.09,3.05,168.17,0.75,0.43
AONETOTAL,EQ,11.06,1.1,40.42,3.86,0.43
CELLECOR,SM,24.5,0.62,540.66,1.74,0.42
AVTNPL,EQ,61.59,3.95,937.92,0.69,0.42
MAHASTEEL,BE,914.5,4.87,1502.93,0.05,0.42
LAMBODHARA,EQ,99.98,8.05,103.76,0.41,0.41
875NHAI29,N6,1094.95,0.71,1302.78,0.04,0.41
JEYYAM,SM,30.25,5.77,143.68,1.36,0.41
SUNLITE,ST,324.8,4.99,448.41,0.13,0.41
TTKHLTCARE,EQ,833,2.66,1177.06,0.05,0.4
EXCEL,EQ,1.07,1.9,150.94,37.81,0.4
KAVDEFENCE,BE,59.71,4.99,205.25,0.69,0.4
EBBETF0431,EQ,1401.97,0.27,13253.63,0.03,0.4
RELIABLE,EQ,122,6.38,125.9,0.34,0.4
CCCL,EQ,15.58,5.27,696.05,2.59,0.4
SGBMAR31IV,GB,15699,0.61,5544.24,0,0.4
GROWWCAPM,EQ,9.73,1.04,21.77,4.05,0.4
ROYALARC,SM,150,0.6,166.5,0.26,0.4
BAGDIGITAL,SM,106.1,0.09,225.13,0.37,0.4
HEALTHY,EQ,15,0.13,70.58,2.64,0.39
SENSEXETF,EQ,78.71,0.87,39.71,0.5,0.39
BPL,EQ,49.79,4.71,243.85,0.79,0.39
ALANKIT,EQ,7.64,1.06,207.16,5.08,0.39
ACL,EQ,53.5,0.79,493.12,0.71,0.39
HTMEDIA,EQ,21,4.69,383.58,1.83,0.38
PRLIND,SM,53.9,1.22,123.23,0.71,0.38
EMULTIMQ,EQ,39.32,1.26,33.88,0.97,0.38
INTENTECH,EQ,89.01,6.2,210.28,0.43,0.38
ATL,EQ,22.87,0.79,667.48,1.63,0.38
MEGASTAR,EQ,248.5,2.08,280.65,0.15,0.38
ORIENTCER,EQ,37.35,6.9,446.85,0.99,0.37
PARSVNATH,EQ,6.85,1.03,298.1,5.44,0.37
KCK,SM,18.5,1.37,117.66,1.95,0.37
KANPRPLA,EQ,182.02,8.68,437.07,0.21,0.37
PONNIERODE,EQ,266.6,0.08,229.23,0.14,0.37
DTIL,EQ,130,1.43,136.6,0.28,0.37
SHARIABEES,EQ,457.3,1.58,49.96,0.08,0.37
DHARMAJ,EQ,241,0.07,814.51,0.15,0.37
SADBHAV,BE,8,0.38,137.26,4.55,0.37
UNITEDTEA,EQ,532.25,1.97,265.94,0.07,0.37
VETO,EQ,98,1.64,187.33,0.38,0.37
BALAJEE,EQ,25.84,0.86,210.78,1.42,0.37
AAKASH,BE,9.13,4.7,92.44,4.29,0.37
KCEIL,SM,120.9,3.11,147.79,0.3,0.36
812REC27,NI,1083.9,0.2,0,0.03,0.36
MODISONLTD,EQ,124.1,3.2,402.7,0.29,0.36
GROWWHOSPI,EQ,46.05,0.9,23.64,0.78,0.36
STARPAPER,EQ,133.5,3.96,208.37,0.27,0.36
VIKASECO,EQ,1.32,4.76,233.47,27.99,0.36
INTERNET,EQ,11.57,3.21,19.55,3.14,0.36
LINC,EQ,99.52,1.72,592.04,0.36,0.36
KRITINUT,EQ,67.89,9.43,340.15,0.54,0.36
NDGL,EQ,2582,13.46,258.2,0.01,0.36
WTICAB,SM,105,0.86,250.02,0.34,0.35
HILTON,EQ,16.54,2.92,57.39,2.17,0.35
UNIVASTU,EQ,64.25,0.39,231.21,0.55,0.35
VRAJ,EQ,112.1,1.03,369.74,0.32,0.35
CPCAP,EQ,86.6,5.03,157.55,0.41,0.35
MCL,BE,62.5,0.47,169.64,0.56,0.35
ITADD,EQ,31.59,4.81,107.63,1.12,0.35
SILINV,EQ,411.5,1.78,436.02,0.09,0.35
IRIS,EQ,237.6,6.49,488.7,0.15,0.35
IMPAL,EQ,1022,3.85,1275.46,0.03,0.35
UMAEXPORTS,EQ,22.6,5.66,76.41,1.52,0.35
SEMAC,EQ,284.59,9.5,88.72,0.12,0.34
DPWIRES,EQ,144,3.92,223.21,0.23,0.34
MONOPHARMA,SM,12.05,3.88,21.29,2.82,0.33
PRIMO,EQ,18.31,3.04,443.73,1.83,0.33
MAXIND,EQ,146.79,2.74,770.98,0.23,0.33
MIRZAINT,EQ,31.4,3.53,433.95,1.06,0.33
RUCHIRA,EQ,101,1.94,301.43,0.32,0.33
NIPPOBATRY,EQ,283.3,1.09,212.47,0.11,0.33
NILAINFRA,EQ,7.33,4.86,288.72,4.48,0.33
GANDHITUBE,EQ,818.7,1.46,994.88,0.04,0.32
KOTHARIPET,EQ,108.05,2.26,635.84,0.3,0.32
SOMICONVEY,EQ,104.39,5.6,122.97,0.31,0.32
NOVAAGRI,EQ,26.82,0.41,248.14,1.19,0.32
709GS2054,GS,97.48,0.29,144270.4,0.33,0.32
TRANSTEEL,SM,144,0.95,318.12,0.22,0.32
UFO,EQ,64.35,0.34,249.77,0.49,0.32
UNIDT,EQ,163.53,0.44,332.02,0.19,0.32
FWSTC,SM,178,2.53,181.15,0.18,0.32
GRPLTD,EQ,1749,2.65,932.8,0.02,0.32
82HUDCO27,N2,1028,0.19,2588.73,0.03,0.31
VMSTMT,EQ,42.27,0.21,209.79,0.73,0.31
PLASTIBLEN,EQ,137.3,4.76,356.83,0.23,0.31
KRISHIVAL,EQ,326,3.18,835.48,0.1,0.31
SGBMAR30X,GB,15700,1.07,2417.32,0,0.31
GVKPIL,BE,2.65,0.76,418.33,11.66,0.31
COOLCAPS,SM,23.85,1.92,275.71,1.26,0.31
MUNJALSHOW,EQ,124.8,2.89,498.96,0.24,0.3
JAYSREETEA,EQ,87.7,0.05,253.26,0.34,0.3
VGL,EQ,59.84,1.22,308.35,0.5,0.3
MOHEALTH,EQ,43.4,0.95,41.73,0.69,0.3
ANLON,SM,375,10.95,234.58,0.08,0.3
SCPL,BE,305,0.08,320.25,0.1,0.3
TTL,BE,9,2.04,232.48,3.41,0.3
A2ZINFRA,BE,16.08,4.96,283.2,1.85,0.3
HDFCPVTBAN,EQ,27.46,3.82,733.6,1.11,0.3
CUDML,SM,97.1,1.15,171.34,0.3,0.29
RACE,EQ,107,1.96,184.65,0.27,0.29
FCSSOFT,EQ,1.47,1.38,251.3,20.15,0.29
SIGMA,EQ,40.5,1.84,416.24,0.72,0.29
PRIMECAB,SM,76.05,1.94,139.35,0.38,0.29
SHIVASHRIT,SM,123.7,3.13,225.99,0.24,0.29
ANUHPHR,EQ,77,1.8,771.72,0.38,0.29
EXCELLENT,ST,102.9,5,46,0.29,0.29
HPAL,EQ,31.38,0.54,288.3,0.91,0.29
FINBUD,SM,107.2,7.2,204.21,0.27,0.29
CALSOFT,EQ,13.59,8.37,84.02,2.17,0.28
PRAKASHSTL,EQ,4.14,0.73,72.45,6.86,0.28
URBAN,SM,125,1.5,108.25,0.22,0.28
HALEOSLABS,EQ,1270,2.39,383.96,0.02,0.28
MADHUSUDAN,SM,139.95,3.74,202.51,0.2,0.28
NBIFIN,EQ,1769,0.73,522.71,0.02,0.28
ALPA,EQ,60.6,1.41,127.51,0.46,0.28
AXISVALUE,EQ,32.09,0.41,27.63,0.86,0.28
SAKUMA,EQ,1.51,2.03,236.72,18.03,0.27
VCL,EQ,1.44,4.35,26.46,19.58,0.27
KOHINOOR,EQ,23.8,6.06,88.23,1.16,0.27
NRVANDANA,SM,55.85,7.4,130.1,0.51,0.27
CHEMFAB,EQ,373.5,2.77,536.86,0.07,0.27
SGBJUN30,GB,15700,1.03,4015.85,0,0.27
KRITIKA,EQ,5.86,6.35,156.04,4.66,0.27
ORIENTBELL,EQ,280,3.51,411.89,0.1,0.26
RBS,SM,77,4.48,176.03,0.34,0.26
EMAMIPAP,EQ,69.6,1.86,421.07,0.38,0.26
SANGAMIND,EQ,438.8,2.08,2204.82,0.06,0.26
AVONMORE,EQ,12.85,5.41,362.61,2.06,0.26
ALPHAGEO,EQ,182,3.49,115.84,0.14,0.26
NAHARPOLY,EQ,243,1.78,597.49,0.11,0.26
SHIVAMAUTO,EQ,16.25,4.97,213.68,1.57,0.25
EVIETF,EQ,28.4,2.05,45.44,0.9,0.25
CROWN,EQ,120.9,1.83,140.12,0.21,0.25
VINYLINDIA,EQ,194,1.6,355.74,0.13,0.25
CONSUMER,EQ,10.51,2.24,47.26,2.42,0.25
WHITEFORCE,SM,41,7.89,47.56,0.67,0.25
GRETEX,SM,255,0.24,395.4,0.1,0.25
INDOUS,EQ,106.98,5.14,214.52,0.23,0.25
RUCHINFRA,EQ,5.01,2.87,118.25,4.86,0.24
GTL,EQ,6.74,4.66,106.02,3.63,0.24
HMVL,EQ,63.34,3.43,466.64,0.39,0.24
CPEDU,EQ,177,6.06,322.02,0.14,0.24
MBLINFRA,EQ,22.3,1.97,340.14,1.08,0.24
TAURIAN,SM,202,2.02,179.44,0.12,0.24
MITTAL,EQ,0.98,15.29,43.5,25.25,0.24
HDFCPSUBK,EQ,87.17,0.79,31.58,0.28,0.24
PTL,EQ,38.4,0.95,508.33,0.63,0.24
HCL-INSYS,EQ,11.89,0.85,391.43,2,0.24
GROWWCHEM,EQ,26.8,2.37,7.38,0.89,0.24
KRITI,EQ,77.7,1.15,409.45,0.3,0.24
ATLANTAA,EQ,37.65,6.87,306.85,0.63,0.23
SUKHJITS,EQ,165,3.15,515.53,0.14,0.23
GLOBE,EQ,2.5,0.4,112.6,9.29,0.23
SPUNWEB,SM,84.8,2.6,204.4,0.28,0.23
SSDL,EQ,57.82,3.92,228.97,0.4,0.23
SPCON,ST,104.5,1.46,82.15,0.23,0.23
VISHWARAJ,EQ,5.25,2.34,114.36,4.43,0.23
EMAPARTNER,SM,80,1.27,185.97,0.3,0.23
ASHIMASYN,EQ,14.57,4.22,279.25,1.61,0.23
KKJEWELS,SM,97.9,3.05,102.65,0.24,0.23
RUBFILA,EQ,63,4.39,341.89,0.37,0.23
KAPSTON,BE,276,0.38,839.93,0.08,0.23
RSSOFTWARE,EQ,28.65,6.82,74.01,0.82,0.23
DHUNINV,EQ,815,5.01,496.92,0.03,0.23
TBI,SM,66,11.11,119.85,0.34,0.23
BHARATGEAR,EQ,100.25,3.69,153.93,0.23,0.23
NRL,EQ,51.02,1.73,352.39,0.45,0.23
AYMSYNTEX,EQ,183.25,2.88,1073.5,0.12,0.22
MANAKALUCO,BE,25.69,2.6,168.36,0.89,0.22
ELM250,EQ,16.9,9.46,139.57,1.43,0.22
SURYALAXMI,EQ,55.5,8.82,104.37,0.41,0.22
GOYALSALT,SM,113.05,0.09,202.36,0.2,0.22
MHHL,SM,37.5,3.59,68.38,0.6,0.22
VASWANI,EQ,53.55,3.22,167.86,0.42,0.22
CINELINE,EQ,84.97,3.24,291.16,0.26,0.22
871REC28,N9,1099,0.27,1287.46,0.02,0.22
NRAIL,EQ,435,4.02,740.33,0.05,0.22
UEL,EQ,154.65,5,2063,0.14,0.22
NIKITA,SM,118,2.61,291.08,0.18,0.22
BIGBLOC,EQ,51.11,0.41,723.59,0.42,0.22
DHARAN,BZ,0.14,7.69,73.2,165.24,0.21
JAYESH,SM,161.05,0.03,139.98,0.13,0.21
AAATECH,EQ,94.5,0.78,121.21,0.22,0.21
IVZINNIFTY,EQ,2719,1.01,91,0.01,0.21
NIFTY100EW,EQ,32.5,1.09,9.57,0.65,0.21
OBCL,EQ,57,2.7,120.17,0.37,0.21
751HUDCO28,N5,1045,0.6,1331.58,0.02,0.21
MANAKSIA,EQ,51.48,4.08,337.37,0.41,0.21
PARAGON,SM,47.5,10.34,92.94,0.47,0.21
MODINATUR,EQ,283.9,0.67,377.77,0.07,0.21
IHF261224A,N1,1020,0.99,3.13,0.02,0.21
ROXHITECH,SM,29.05,6.61,66.63,0.74,0.2
OSWALAGRO,EQ,44.02,5.84,590.9,0.46,0.2
MULTICAP,EQ,15.26,1.46,71.55,1.32,0.2
NITIRAJ,EQ,217,0.37,222.45,0.09,0.2
PRITIKAUTO,EQ,11.71,1.91,194.99,1.68,0.2
SANGINITA,BE,16.36,2,42.37,1.21,0.2
HINDCOMPOS,EQ,387.9,1.28,572.89,0.05,0.2
SURANI,SM,59.85,19.94,93.05,0.34,0.2
GROWWRLTY,EQ,8.23,3.52,12.35,2.42,0.2
XTGLOBAL,EQ,31.1,2.78,417.12,0.62,0.19
JAINIK,SM,120,3.45,172.17,0.17,0.19
PARTYCRUS,SM,88.85,5.84,106.49,0.22,0.19
AERONEU,EQ,64.15,0.56,165.48,0.3,0.19
DCM,EQ,63.5,5.9,118.6,0.31,0.19
SUTLEJTEX,EQ,29.39,0.58,481.49,0.64,0.19
RPPL,EQ,15.8,0.89,117.31,1.19,0.19
SAKHTISUG,EQ,14.5,3.06,172.33,1.3,0.19
RANASUG,EQ,11.54,1.14,177.22,1.64,0.19
SAVY,SM,130.5,3.37,271.55,0.14,0.19
PVTBANKADD,EQ,26.55,0.23,500.04,0.7,0.19
TRUST,SM,33.25,5.06,79.22,0.58,0.19
SHREEOSFM,SM,74.5,2.05,114.76,0.25,0.19
MAWANASUG,EQ,78.28,1.49,306.21,0.24,0.19
IWARE,ST,258.95,3.17,277.49,0.07,0.19
LANCORHOL,BE,20.23,4.98,148.79,0.93,0.19
OMFREIGHT,EQ,73.15,1.48,246.34,0.25,0.18
VHL,EQ,3235,1.27,1032.46,0.01,0.18
FRESHARA,ST,181,3.37,425.34,0.1,0.18
MAXPOSURE,SM,35,1.45,79.59,0.52,0.18
VHLTD,BE,141,0.72,952.86,0.13,0.18
RUBYMILLS,EQ,202,0.06,675.49,0.09,0.18
LOTUSEYE,EQ,109.31,3.12,227.32,0.16,0.18
NAHARINDUS,EQ,91.51,1.86,395.37,0.19,0.18
RAJSREESUG,EQ,27.1,0.74,89.8,0.64,0.18
EBANKNIFTY,EQ,55.73,1.07,12.55,0.32,0.18
GOLDSTAR,ST,7.05,4.44,201.77,2.59,0.18
IVP,EQ,135,5.16,139.4,0.13,0.18
NV20,EQ,14.35,1.49,80.81,1.22,0.17
KAMOPAINTS,EQ,4.38,2.1,137.69,4.03,0.17
KMSUGAR,EQ,25.2,2.31,231.84,0.69,0.17
ECAPINSURE,EQ,23.3,1.79,15.63,0.75,0.17
DCCL,SM,36,1.55,51.39,0.48,0.17
VINEETLAB,EQ,30.01,3.45,57.64,0.57,0.17
LIQUIDSHRI,EQ,1096.38,0.03,41.63,0.02,0.17
SIKKO,EQ,4.74,3.95,207.04,3.6,0.17
JOCIL,EQ,111.5,3.54,99.02,0.15,0.17
HEALTHCARE,EQ,18.27,0.38,7.79,0.92,0.17
CHETANA,SM,35,6.87,71.4,0.5,0.17
SELECTIPO,EQ,40.9,2.87,17.11,0.41,0.17
ABSLPSE,EQ,10.55,2.13,23,1.59,0.17
DCMNVL,EQ,112.07,4.06,209.32,0.15,0.16
MURUDCERA,EQ,30.01,1.32,181.7,0.54,0.16
ESCONET,SM,112.6,1.76,148.59,0.14,0.16
DJML,BE,81.87,1.35,269.99,0.2,0.16
COMMITTED,SM,259.35,2.92,300.19,0.06,0.16
DYNAMIC,SM,103,0.49,141.59,0.15,0.16
SUPERSPIN,EQ,4.48,7.95,24.64,3.37,0.16
PROFX,SM,62,1.64,108.52,0.26,0.16
746GS2073,GS,101.74,0.39,119035.8,0.16,0.16
REXPIPES,SM,197,3.14,186.16,0.08,0.16
ANMOL,EQ,11.13,3.92,63.35,1.45,0.16
SPCL,SM,75.25,1.55,181.47,0.21,0.16
BALAXI,EQ,17.8,0.56,98.27,0.87,0.16
HDFCGROWTH,EQ,114.85,2.57,18.42,0.14,0.16
DHARARAIL,SM,103.55,1.42,156.19,0.15,0.15
AARVI,EQ,128,0.6,189.58,0.12,0.15
BHANDARI,EQ,2.55,2,61.21,5.99,0.15
CREST,EQ,325.45,0.49,925.9,0.05,0.15
GOLDTECH,EQ,39.9,0.2,208.52,0.37,0.15
ADVANIHOTR,EQ,51.99,1.98,480.59,0.29,0.15
SURANASOL,EQ,22.07,3.18,108.6,0.68,0.15
PLAZACABLE,EQ,34.58,2.25,151.29,0.43,0.15
HDFCBSE500,EQ,35.66,1.36,20.8,0.42,0.15
AHLADA,EQ,40.9,2.22,52.85,0.37,0.15
EBBETF0433,EQ,1278.02,0.23,6391.65,0.01,0.15
TEXMOPIPES,EQ,41.81,0.02,122.06,0.35,0.15
STARTECK,EQ,251.55,0.58,249.29,0.06,0.15
PCCL,SM,240,1.63,592.8,0.06,0.15
RKEC,EQ,35.51,0.57,91.69,0.39,0.14
NEXT50ETF,EQ,66.9,2.58,10.45,0.22,0.14
GENUSPAPER,EQ,11.49,1.41,295.44,1.26,0.14
364D121126,TB,96.05,0.05,7481.6,0.15,0.14
HITECHGEAR,BE,617.9,4.68,1162.49,0.02,0.14
RVTH,EQ,604.85,2.46,185.5,0.02,0.14
BEACON,SM,75.05,4.31,135.58,0.19,0.14
UGARSUGAR,EQ,37,0.08,416.25,0.38,0.14
MONEYBOXX,EQ,63,0.11,412.08,0.23,0.14
ORIENTLTD,EQ,62.98,5.53,62.98,0.23,0.14
LORDSCHLO,EQ,122.83,2.86,308.96,0.12,0.14
ARHAM,SM,127.05,2.75,214.97,0.11,0.14
SBIETFPB,EQ,268.29,0.95,398.11,0.05,0.14
ROSSELLIND,EQ,45.5,1.74,171.52,0.3,0.14
NAGAFERT,EQ,4.03,1.26,241.02,3.42,0.14
IPHL,SM,53.25,1.24,133.07,0.26,0.14
MANORG,EQ,408,2.84,349.43,0.03,0.14
QUAL30IETF,EQ,20.35,3.93,160.63,0.7,0.14
UCL,ST,70.1,4.86,78.77,0.2,0.14
ORCHASP,EQ,2.26,9.18,78.29,6.12,0.14
HCG-RE,BE,30.8,16.89,25.55,0.47,0.14
CONSUMIETF,EQ,113.33,1.42,52.67,0.12,0.14
GROWWMOM50,EQ,9.92,1.85,22.34,1.37,0.14
ANIKINDS,EQ,40.4,3.19,112.12,0.34,0.13
CHEVIOT,EQ,996.8,2.31,582.32,0.01,0.13
MITCON,EQ,54.5,0.83,94.93,0.25,0.13
ZODIACLOTH,EQ,68.99,0.88,189.43,0.19,0.13
IVC,EQ,6.95,1.91,218.25,1.93,0.13
SATECH,ST,44.75,4.92,58.43,0.31,0.13
WOMANCART,SM,178,2.92,124.77,0.08,0.13
CURRENT,SM,117,2.45,224.03,0.11,0.13
PRAENG,EQ,20,5.65,139.87,0.68,0.13
PATINTLOG,EQ,9.68,4.09,67.36,1.38,0.13
BANKPSU,EQ,87.05,1.01,61.34,0.15,0.13
AESTHETIK,SM,66.6,1.68,114.69,0.19,0.13
SIDDHIKA,SM,215,3.37,132.85,0.06,0.13
GANGESSECU,EQ,114.95,6.82,114.99,0.11,0.13
PAVNAIND,EQ,18.24,1.22,254.5,0.7,0.13
AXISTECETF,EQ,322.69,2.41,152.01,0.04,0.13
GLOBALVECT,EQ,161.9,2.51,226.66,0.08,0.13
SATTVAENGG,SM,48.5,1.04,84.72,0.26,0.13
ORIENTALTL,EQ,5.35,2.29,39.33,2.32,0.12
DIVINEHIRA,ST,260,1.96,339.22,0.05,0.12
DUCON,EQ,3,2.39,97.48,4.13,0.12
VARDHACRLC,EQ,33.84,4.09,271.95,0.37,0.12
GEECEE,EQ,260.4,3.35,544.54,0.05,0.12
MEDIORG,SM,24.25,4.98,28.37,0.54,0.12
AXITA,BE,8.86,1.37,338.94,1.37,0.12
OMFURN,SM,48.1,0.21,56.63,0.25,0.12
JYOTIGLOBL,SM,37,0.14,73.33,0.32,0.12
WEALTH,EQ,920,3.58,980.26,0.01,0.12
LOWVOL1,EQ,21.31,6.02,173.91,0.58,0.12
BANKBETF,EQ,56.01,0.94,388.14,0.21,0.12
HDFCNIF100,EQ,25.25,0.16,73.95,0.46,0.12
ZENITHSTL,EQ,5.08,1.2,72.28,2.32,0.12
BALPHARMA,EQ,68.51,3.29,109.07,0.17,0.12
NAMOEWASTE,SM,161,2.55,368.17,0.07,0.11
SBIETFCON,EQ,112.78,1.26,22.71,0.1,0.11
NEWJAISA,SM,19.55,4.83,69.94,0.58,0.11
ASIANHOTNR,EQ,304,2.98,591.38,0.04,0.11
901NHB34,N6,6195,0.08,824.82,0,0.11
INFINIUM,SM,203,1.25,316.34,0.06,0.11
MGSL,SM,83,6.75,121.03,0.13,0.11
865LTF26,NN,1024.5,0.44,407.94,0.01,0.11
THEINVEST,EQ,100,3.32,522.42,0.11,0.11
876HUDCO28,ND,1107.45,0.04,0,0.01,0.11
ITBETA,EQ,307.62,2.28,5.3,0.03,0.11
SATKARTAR,SM,167,2.45,262.94,0.06,0.11
SURANAT&P,EQ,17.9,4.5,243.01,0.6,0.11
SHREYANIND,EQ,140,2.56,193.55,0.07,0.1
INVICTA,SM,65,2.77,81.72,0.16,0.1
EMMBI,EQ,81,2.45,155.85,0.13,0.1
709GS2074,GS,96.88,0.7,153070.4,0.11,0.1
UMIYA-MRO,EQ,80.25,1.51,149.94,0.13,0.1
TIGERLOGS,EQ,26.75,2.45,282.81,0.38,0.1
KANORICHEM,EQ,63.4,2.74,277.02,0.16,0.1
NETF,EQ,257.42,0.82,700.65,0.04,0.1
GATECH,EQ,0.47,2.17,51.83,21.37,0.1
KEYFINSERV,EQ,267.9,4.34,149.13,0.04,0.1
GSMFOILS,SM,201,1.95,283.26,0.05,0.1
1065NFL27,NC,1009.8,0.18,95.22,0.01,0.1
ISFT,EQ,70,5.72,114.18,0.14,0.1
KNAGRI,EQ,186,3.55,464.98,0.05,0.1
SIL,EQ,13.75,0.88,88.45,0.72,0.1
ROCKPP,X1,76,3.12,20.06,0.13,0.1
VIJIFIN,EQ,3.18,4.95,45.31,3.09,0.1
SBGLP,EQ,26.27,1.08,455.56,0.38,0.1
KANDARP,SM,142,1.5,127.42,0.07,0.1
INDBANK,EQ,31.88,2.34,141.48,0.31,0.1
IBLFL,SM,49.3,4.34,121.92,0.2,0.1
UNIENTER,EQ,97,0.59,674.59,0.1,0.1
INVENTURE,EQ,1.02,2,107.1,9.38,0.1
AJOONI,EQ,4.2,1.45,72.34,2.28,0.1
APCL,EQ,115.3,2.41,338.69,0.08,0.1
NIRMAN,ST,46.65,0.11,37.37,0.2,0.1
EUROBOND,EQ,153.81,5.33,376.83,0.06,0.09
965AEL27,N4,1052,0.13,498.99,0.01,0.09
MOTOUR,EQ,71.95,2.57,9.17,0.13,0.09
SETCO,EQ,17,4.17,227.4,0.58,0.09
SOMATEX,BE,96.85,0.46,319.92,0.1,0.09
AKSHARCHEM,EQ,174.49,1.76,140.17,0.05,0.09
RHL,EQ,172,0.64,297.42,0.05,0.09
NIFTYQLITY,EQ,20.35,2.47,26.87,0.46,0.09
UYFINCORP,EQ,13.79,2.68,262.34,0.69,0.09
PROPEQUITY,SM,195,2.63,204.4,0.05,0.09
SOLARAPP1,E1,290,3.15,341.07,0.03,0.09
ESPRIT,SM,64,1.99,140.45,0.14,0.09
MANGALAM,BE,30.98,2.79,49.04,0.3,0.09
RAJMET,EQ,3.52,1.73,97.32,2.61,0.09
MGEL,EQ,10.02,0.3,330.21,0.88,0.09
GROWWN200,EQ,10.87,1.97,14.59,0.83,0.09
VAISHALI,EQ,6.17,1.65,80.5,1.47,0.09
SAHYADRI,EQ,244.95,6.43,268.13,0.04,0.09
GROWWSC250,EQ,8.75,1.63,13.77,1.01,0.09
DENEERS,ST,148.85,2.2,128.11,0.06,0.09
AIRAN,EQ,15.79,3.34,197.41,0.57,0.09
96IIFL28A,NF,994.5,0.25,326.22,0.01,0.09
PUSHPA,SM,87.6,1.04,212.19,0.1,0.09
MYMUDRA,SM,75,5.26,85.44,0.12,0.09
PALREDTEC,EQ,29.75,4.5,36.39,0.3,0.09
RILINFRA,SM,36.5,9.61,67.91,0.25,0.09
JISLDVREQS,EQ,22.5,8.38,43.41,0.4,0.09
JAYAGROGN,EQ,170,2.47,510,0.05,0.09
BAIDFIN,EQ,11.2,2.66,168.1,0.79,0.09
MOM50,EQ,247.54,1.1,55.69,0.04,0.09
GSS,EQ,11.22,0.81,29.35,0.77,0.09
SDREAMS,SM,86.25,3.92,161.48,0.1,0.09
GLOSTERLTD,EQ,526,0.84,575.62,0.02,0.09
ELGIRUBCO,EQ,39.87,6.72,199.55,0.22,0.09
DUCOL,SM,119.15,1.84,193.67,0.07,0.09
QNIFTY,EQ,260.2,0.91,78.1,0.03,0.09
MHLXMIRU,EQ,169.5,5.24,180.01,0.05,0.09
NAVKARURB,EQ,0.96,4.35,107.72,9.28,0.09
HDFCQUAL,EQ,55.5,1.35,18.94,0.15,0.09
AAKAAR,ST,53.1,3.91,75.26,0.16,0.09
EPWINDIA,SM,118,2.7,135.46,0.07,0.08
AKANKSHA,SM,69,0.51,135.11,0.12,0.08
EFORCE,SM,20.7,3.24,48.44,0.42,0.08
WOL3D,ST,118.05,0.98,76.17,0.07,0.08
DHRUV,EQ,30,2.32,56.9,0.27,0.08
TUNWAL,SM,29.5,0.34,170.19,0.28,0.08
AKSHAR,EQ,0.41,5.13,32.29,20.6,0.08
BMETRICS,SM,41.3,0.98,50.86,0.2,0.08
ONDOOR,SM,145.95,2.93,82.44,0.06,0.08
79NHIT35,N1,315.9,0.29,473.85,0.03,0.08
DEEM,SM,36.3,4.46,30.26,0.23,0.08
FIBERWEB,BE,35.99,1.61,103.62,0.22,0.08
BHADORA,SM,62.25,5.42,115.78,0.13,0.08
KOTHARIPRO,EQ,65.18,1.51,389.04,0.12,0.08
AMJLAND,EQ,38.6,5.72,158.26,0.21,0.08
DICIND,EQ,505,2.96,463.54,0.02,0.08
UCAL,EQ,100.66,2.33,222.6,0.08,0.08
LOVABLE,EQ,67.1,2.15,99.31,0.12,0.08
ENERGYDEV,EQ,15.09,3.14,71.68,0.53,0.08
HOACFOODS,ST,347.3,2,150.74,0.02,0.08
NEOCHEM,SM,76,4.83,130.12,0.11,0.08
AVIANSH,SM,110.5,0.82,154.45,0.07,0.08
AMDIND,EQ,37.5,3.65,71.88,0.2,0.08
FLEXIADD,EQ,9.4,1.73,11.95,0.82,0.08
SLONE,SM,191,0.66,100.64,0.04,0.08
MMEL,SM,24.5,2.08,46.08,0.32,0.08
TECH,EQ,31.93,2.57,111.18,0.24,0.08
RULKA,SM,87.35,1.39,37.2,0.09,0.08
KOTARISUG,EQ,23.9,1.53,198.1,0.32,0.08
LAL,EQ,6.67,10.98,115.22,1.13,0.08
ANANTAM,IV,102.97,0.2,2239.6,0.07,0.08
CHAVDA,SM,94.9,2.1,309.91,0.08,0.08
CHEMBOND,EQ,128.14,0.84,172.33,0.06,0.08
743REC35,NH,1171,1.61,0,0.01,0.08
EQUAL200,EQ,12.61,1.12,17.04,0.59,0.07
MAGNUM,EQ,19,1.06,129.98,0.39,0.07
AMEYA,SM,103,0.98,77.25,0.07,0.07
MASON,SM,147.8,1.93,353.83,0.05,0.07
INDTERRAIN,EQ,29.71,5.84,150.53,0.25,0.07
702GS2027,GS,103.6,0.68,39368,0.07,0.07
BSLSENETFG,EQ,76.8,1.11,266.79,0.1,0.07
NIFTYBETF,EQ,243,0.56,170.36,0.03,0.07
BEARDSELL,EQ,23.9,5.1,94.25,0.3,0.07
KALANA,ST,26.15,4.81,34.1,0.28,0.07
SBIETFQLTY,EQ,209.3,1.34,72.59,0.03,0.07
SBINEQWETF,EQ,31.67,1.28,32.75,0.23,0.07
SADHAV,SM,100,2.83,143.53,0.07,0.07
PANACHE,BE,323,3.15,517.25,0.02,0.07
SUNDRMBRAK,EQ,545,2.49,214.43,0.01,0.07
PODDARMENT,EQ,217.8,2.24,231.09,0.03,0.07
USK,BE,23.2,0.69,128.43,0.3,0.07
PRAXIS,EQ,6.45,4.88,119.85,1.09,0.07
LATTEYS,EQ,19.93,0.61,114.59,0.35,0.07
TARMAT,BE,55.42,4.98,138.91,0.13,0.07
CTE,EQ,25.45,4.22,49.96,0.28,0.07
HISARMETAL,EQ,143,0.36,77.22,0.05,0.07
73GS2053,GS,100.05,0.14,195097.5,0.07,0.07
TOP15IETF,EQ,9.78,1.14,8.93,0.69,0.07
ATAM,EQ,58.42,1.09,66.97,0.12,0.07
MUKTAARTS,EQ,43.1,1.7,97.34,0.16,0.07
BVCL,EQ,37.6,1.08,83.32,0.18,0.07
VIVIMEDLAB,EQ,6.58,2.49,54.56,1.01,0.07
MCON,ST,41.95,4.88,30.75,0.16,0.07
ABSLNN50ET,EQ,68.92,1.31,95.9,0.1,0.07
ELIQUID,EQ,1022.84,0.03,35.46,0.01,0.06
AEPL,EQ,18.43,4.6,462.66,0.36,0.06
PRATHAM,SM,126.9,1.48,231.12,0.05,0.06
FORCAS,SM,101,1.1,177.56,0.06,0.06
AMBEY,SM,21.55,3.86,53.76,0.3,0.06
VARDMNPOLY,BE,7.75,1.71,355.64,0.82,0.06
ELDEHSG,EQ,836.45,3.91,822.48,0.01,0.06
HEADSUP,EQ,6.88,6.17,15.19,0.91,0.06
SHRIKANHA,SM,22.1,4.49,34.44,0.29,0.06
SSFL,SM,136.4,0.26,116.9,0.04,0.06
SUPERHOUSE,EQ,145,1.38,159.86,0.04,0.06
LFIC,EQ,125.02,1.22,37.51,0.05,0.06
BLUEPEBBLE,ST,110,2.8,44.88,0.06,0.06
1119NFL27,ND,1005.01,1.11,50.05,0.01,0.06
BANG,EQ,33.54,1.98,45.48,0.18,0.06
QMSMEDI,SM,76.4,4.51,147.74,0.08,0.06
VITAL,EQ,40,1.39,95.8,0.15,0.06
TOTAL,EQ,53.5,0.3,86.28,0.11,0.06
ROLLT,BE,1.28,4.92,32.02,4.61,0.06
HRHNEXT,SM,25.8,4.24,34.07,0.24,0.06
SECURKLOUD,EQ,22.32,4.64,74.57,0.26,0.06
CHEMBONDCH,EQ,129.8,2.41,349.12,0.04,0.06
APEXECO,SM,122,12.81,160.86,0.05,0.06
QUICKTOUCH,SM,30.65,4.97,39.28,0.2,0.06
GOYALALUM,BE,6.13,0.49,87.5,0.93,0.06
DRCSYSTEMS,EQ,13.05,6.01,188.03,0.45,0.06
VILINBIO,ST,35.35,4.9,49.31,0.16,0.06
KSR,BE,36.01,0.78,66.18,0.16,0.06
EFACTOR,SM,201,1.03,263.07,0.03,0.06
MANUFGBEES,EQ,149.28,0.29,11.99,0.04,0.06
AXISBNKETF,EQ,568.4,0.97,359.13,0.01,0.05
SENSEXADD,EQ,79,1.23,2.82,0.07,0.05
WELINV,EQ,1315,3.24,480.56,0,0.05
JFLLIFE,SM,9.8,1.55,32.34,0.54,0.05
UMESLTD,EQ,6.59,7.33,17.41,0.83,0.05
SPLIL,EQ,26.19,3.31,75.95,0.2,0.05
NPBET,EQ,271.99,0.84,10.64,0.02,0.05
ADROITINFO,EQ,9.19,0.44,49.79,0.57,0.05
MIDCAPBETA,EQ,209.68,1.13,13.35,0.03,0.05
915APSBC33,N0,103986.18,1.95,570.88,0,0.05
AMBICAAGAR,EQ,23.12,1.76,39.71,0.22,0.05
GREENCHEF,SM,49.95,1.63,116.24,0.1,0.05
PILITA,EQ,7.47,1.91,175.54,0.7,0.05
MOHITIND,EQ,24,6.38,33.98,0.21,0.05
SMLT,EQ,68.45,2.76,93.71,0.08,0.05
LICNMID100,EQ,56.69,1.91,600.29,0.09,0.05
UHTL,SM,51,2,96.92,0.1,0.05
91D110626,TB,98.52,0.02,15270.6,0.05,0.05
STEELCITY,EQ,81.75,2.8,123.5,0.06,0.05
96IIFL28,N5,994.55,0.22,380.74,0,0.05
BAFNAPH,EQ,114.77,4.99,271.5,0.04,0.05
PHOGLOBAL,SM,17.55,5.72,33.95,0.28,0.05
BSHSL,EQ,80.77,2.55,847.58,0.06,0.05
LOWVOL,EQ,197.38,0.73,45.66,0.02,0.05
SHRITECH,SM,61.45,7.43,153.32,0.08,0.05
LLOYDS,SM,50.5,1,121.88,0.09,0.05
NECCLTD,EQ,13.55,3.28,135.5,0.35,0.05
STUDIOLSD,SM,9.8,1.03,50.85,0.48,0.05
INFRA,EQ,10.92,1.2,7.75,0.43,0.05
BAGFILMS,EQ,4.35,0.23,86.02,1.04,0.05
TAINWALCHM,EQ,185.7,1.04,173.89,0.02,0.05
SAIFL,SM,9.35,0.54,25.2,0.48,0.05
OSWALSEEDS,EQ,11.7,0.17,107.02,0.39,0.05
M&MFIN,N3,2281,0.26,0,0,0.05
AURIGROW,BE,0.28,3.7,41.33,16.1,0.05
MICROPRO,SM,21.95,17.38,31.39,0.24,0.04
MOMENTUM30,EQ,29.4,1.52,6.65,0.15,0.04
VICTORYEV,SM,15.05,5.24,36.26,0.3,0.04
QUALITY30,EQ,19.5,0.31,2.27,0.23,0.04
GKWLIMITED,EQ,1601,1.57,955.24,0,0.04
AGRITECH,BE,104.4,4.22,62.01,0.04,0.04
SHAHALLOYS,EQ,60.1,5.4,118.98,0.07,0.04
717GS2030,GS,105.01,0.01,108160.3,0.04,0.04
DELTAMAGNT,EQ,56.28,2.33,61.07,0.08,0.04
ALKALI,EQ,57.1,0.72,58.14,0.07,0.04
KSHITIJPOL,BE,2.41,2.12,37.17,1.78,0.04
925AEL26,N1,1036,0.08,37.73,0,0.04
TOKYOPLAST,EQ,73,0.91,69.36,0.06,0.04
WEWIN,EQ,41,3.88,41.66,0.1,0.04
CCHHL,EQ,12.25,3.81,200.24,0.34,0.04
QUESTLAB,ST,113.55,3.94,186.08,0.04,0.04
DCG,SM,56.75,1.7,103,0.07,0.04
YUDIZ,ST,27.1,0.18,27.97,0.15,0.04
DGCONTENT,EQ,23.88,3.47,138.95,0.17,0.04
CORALFINAC,EQ,31.5,0.51,126.95,0.13,0.04
GAYAHWS,EQ,2.22,2.78,53.2,1.76,0.04
KALYANIFRG,EQ,581.35,3.03,211.5,0.01,0.04
BALKRISHNA,EQ,16.31,2.71,52.55,0.24,0.04
CELLPOINT,SM,13.9,2.58,25.97,0.28,0.04
HDFCVALUE,EQ,128.2,0.77,33.6,0.03,0.04
SERVICE,ST,48.8,4.95,65.04,0.08,0.04
LAMOSAIC,SM,23.75,1.28,24.55,0.16,0.04
IPSL,SM,255,0.79,219.47,0.01,0.04
TNTELE,EQ,9.15,9.98,41.79,0.43,0.04
HPIL,EQ,114.9,1.9,131.26,0.03,0.04
IDFNIFTYET,EQ,260.24,0.11,3.72,0.01,0.04
810IRFC27,N2,1058.45,0.14,3276.37,0,0.04
SHEMAROO,EQ,101.45,1.95,277.16,0.04,0.04
HDFCLOWVOL,EQ,19.74,0.56,33.9,0.19,0.04
BABAFP,SM,22.6,3.67,36.9,0.16,0.04
PPSL,SM,6.75,9.76,19.78,0.54,0.04
TCIFINANCE,BE,13.97,2.72,17.98,0.26,0.04
NEXT30ADD,EQ,39.64,0.41,42.58,0.09,0.04
865IRFC29,NA,1179.69,0.71,812.05,0,0.04
GROWWLOVOL,EQ,10.06,0.5,4.08,0.35,0.04
MODIRUBBER,EQ,113.35,2.58,283.83,0.03,0.03
KANANIIND,EQ,1.38,2.22,27.31,2.54,0.03
ACCURACY,EQ,4.08,2,61.43,0.86,0.03
EMKAYTOOLS,SM,91,0.11,97.11,0.04,0.03
PASHUPATI,EQ,989.8,0.64,1562.3,0,0.03
ARCHIES,EQ,13.8,3.99,46.62,0.25,0.03
HINDCON,EQ,18.85,3.4,96.49,0.18,0.03
CEREBRAINT,BZ,4.24,4.69,51.38,0.78,0.03
PRITI,EQ,36.5,2.61,48.74,0.09,0.03
ZENITHDRUG,SM,41.9,3.84,71.85,0.08,0.03
MOGSEC,EQ,63.69,0.02,155.34,0.05,0.03
LASA,EQ,7.37,0.96,36.92,0.44,0.03
GRAPHISAD,ST,33.6,5,61.41,0.1,0.03
ASHOKAMET,EQ,14.25,1.5,35.62,0.23,0.03
ONYX,SM,32,3.9,58.02,0.1,0.03
PANSARI,EQ,278.4,5,485.72,0.01,0.03
1225IFL27,N0,9100,1.1,18.18,0,0.03
ACCPL,SM,64.05,0.47,71.2,0.05,0.03
SYNOPTICS,SM,47.9,3.01,40.62,0.07,0.03
RELCHEMQ,EQ,115,3.14,86.75,0.03,0.03
VISAMAN,ST,109.75,3.73,219.91,0.03,0.03
SIGIND,EQ,45.45,3.25,133.79,0.07,0.03
690GS2065,GS,95.11,0.13,177855.7,0.03,0.03
MSCIADD,EQ,28.41,1.07,3.21,0.11,0.03
MOTOGENFIN,EQ,20.9,4.24,80.94,0.15,0.03
PARASPETRO,BE,2.16,4.85,72.19,1.44,0.03
SFML,SM,23.95,0.21,59.47,0.13,0.03
AONETMMQ50,EQ,9.43,1.73,6.19,0.32,0.03
KREBSBIO,EQ,48.34,0.02,104.22,0.06,0.03
LICNFNHGP,EQ,267.08,0.87,715.65,0.01,0.03
851HUDCO28,NB,1101,0.61,0,0,0.03
ASPIRE,SM,11.5,2.68,17.45,0.26,0.03
12VCCL27D,N0,98099,1.66,24.52,0,0.03
GANGAFORGE,EQ,2.83,1.07,38.15,1.04,0.03
MSCIINDIA,EQ,28.99,2.51,1523.12,0.1,0.03
364D061126,TB,96.14,0.09,6438.23,0.03,0.03
SHANTI,EQ,6.43,1.74,7.14,0.46,0.03
TARAPUR,EQ,25.58,4.97,49.88,0.11,0.03
CONSOFINVT,BE,227,0.11,733.81,0.01,0.03
ODIGMA,EQ,23.4,3.54,73.14,0.12,0.03
GML,ST,17.6,4.76,26.7,0.16,0.03
SIDDHICOTS,ST,29,3.39,70.78,0.1,0.03
MONEXT50,EQ,65.4,0.75,2.52,0.04,0.03
SUVIDHAA,EQ,2.9,5.07,60.84,0.98,0.03
VLINFRA,SM,23.3,2.87,36.61,0.12,0.03
SGBFEB27,GB,15340,0.11,318.13,0,0.03
SNXT50BETA,EQ,86.6,2.1,30.87,0.03,0.03
SHUBHSHREE,SM,303,1,158.83,0.01,0.03
GROBTEA,EQ,922.95,2.59,107.28,0,0.03
BIOFILCHEM,EQ,30.6,1.86,49.8,0.09,0.03
901HUDCO34,NE,1240,0.16,0,0,0.03
ARVINDPORT,SM,30,0.17,53.39,0.09,0.03
MONIFTY100,EQ,24.49,0.57,11.36,0.11,0.03
PKTEA,EQ,810,1.89,250.77,0,0.03
SUNDARAM,EQ,1.3,0.78,61.6,2.04,0.03
PALASHSECU,EQ,85.62,0.28,85.65,0.03,0.03
GURUNANAK,SM,28.5,7.55,34.2,0.1,0.03
INSPIRISYS,BE,81.85,4.67,324.26,0.03,0.03
COUNCODOS,EQ,4.27,1.67,33.13,0.62,0.03
MPEL,SM,54,9.2,41.99,0.05,0.03
INFOMEDIA,EQ,5,5.49,25.1,0.53,0.03
DBSTOCKBRO,EQ,25.65,0.16,89.78,0.1,0.03
AGROPHOS,EQ,32.35,2.28,65.59,0.08,0.03
UNILEX,SM,26.6,2.11,36.22,0.1,0.03
SSFLPP,E1,104.05,6.72,180.36,0.02,0.03
MARUSHIKA,SM,105.95,7.29,90.45,0.02,0.03
GROWWNXT50,EQ,65.9,0.92,7.72,0.04,0.03
MANUGRAPH,EQ,13.1,0.69,39.84,0.19,0.03
BAWEJA,SM,28.1,2.18,51.78,0.09,0.03
SHEKHAWATI,EQ,12,1.52,41.36,0.21,0.02
DIVIDEND,EQ,35,0.95,8.56,0.07,0.02
890AEL31,NN,1005.4,0.2,205.25,0,0.02
LAXMICOT,BE,12.75,3.83,21.86,0.2,0.02
PRECOT,BE,499.8,2,599.76,0,0.02
ITALIANE,ST,40,2.7,59.11,0.06,0.02
SILKY,SM,150,4.17,95.51,0.02,0.02
SGL,EQ,11.28,3.96,30.45,0.21,0.02
AUROIMPEX,SM,29.9,11.15,36.48,0.08,0.02
GIRIRAJ,ST,160,4.58,382.73,0.01,0.02
MOALPHA50,EQ,47.91,1.1,5.82,0.05,0.02
HYBRIDFIN,EQ,16.2,4.45,47.69,0.15,0.02
KEN,SM,39.5,2.07,97.03,0.06,0.02
SHEETAL,ST,235,1.29,269.22,0.01,0.02
SOCL,SM,29.5,1.72,39.51,0.08,0.02
KAUSHALYA,EQ,784,1.13,27.15,0,0.02
MARALOVER,EQ,41.8,4.95,173.5,0.05,0.02
1102NFL26,N8,1070,1.08,54.34,0,0.02
KRIDHANINF,EQ,2.49,3.75,23.6,0.91,0.02
NAGREEKCAP,EQ,24.38,2.31,30.76,0.09,0.02
ONELIFECAP,EQ,14.93,0.81,19.95,0.15,0.02
ASPINWALL,EQ,209.89,1.72,164.1,0.01,0.02
769HUDCO31,N9,1102,0.27,0,0,0.02
GILLANDERS,EQ,80.6,0.67,172.02,0.03,0.02
ICDSLTD,EQ,47.7,1.19,62.14,0.05,0.02
SITINET,BZ,0.34,3.03,29.65,6.64,0.02
741GS2036,GS,105.75,0.09,158625,0.02,0.02
KAKATCEM,EQ,105.08,2.95,81.69,0.02,0.02
MIDCAPADD,EQ,20.67,1.47,4.96,0.1,0.02
PREMIUM,SM,34.5,3.45,65.88,0.06,0.02
AKASH,EQ,24.01,0.04,40.49,0.09,0.02
PULZ,SM,25.9,4.02,56.48,0.08,0.02
LICNETFN50,EQ,265.2,0.58,849.85,0.01,0.02
769GS2043,GS,106.2,1.37,39294,0.02,0.02
MTEDUCARE,BE,1.4,3.7,10.11,1.44,0.02
MOMGF,EQ,148.03,0.54,1.85,0.01,0.02
DHANLAXMI,SM,24.6,10.31,40.17,0.08,0.02
TREEHOUSE,BE,8.4,4.74,35.54,0.24,0.02
PNC,EQ,21.28,5.03,30.79,0.09,0.02
BSL,EQ,122.7,0.76,126.28,0.02,0.02
MOINFRA,EQ,58.13,1.22,2.41,0.03,0.02
COMPINFO,BZ,1.1,1.85,9.43,1.77,0.02
ESG,EQ,40.34,1.36,100.9,0.05,0.02
HBSL,EQ,49.16,0.39,35.09,0.04,0.02
SUPREMEINF,BZ,71,3.65,686.82,0.03,0.02
SHIVAUM,EQ,307.95,9.98,418.82,0.01,0.02
AKIKO,ST,218,4.31,234.78,0.01,0.02
SCL190325A,N1,1050,10.5,6.75,0,0.02
TAPIFRUIT,SM,57.75,5,24.84,0.03,0.02
SCL310524,ZF,1169,0.53,6.42,0,0.02
ASHALOG,SM,58,0.96,78.63,0.03,0.02
VINNY,EQ,1.13,0.89,52.57,1.52,0.02
MEDISTEP,ST,18.75,0.54,26.64,0.09,0.02
TGBHOTELS,EQ,8.79,4.27,25.74,0.19,0.02
RKDL,EQ,19.38,3.25,46.51,0.09,0.02
CELEBRITY,EQ,7.79,5.41,46.49,0.22,0.02
WIPL,EQ,152.9,3.53,129.77,0.01,0.02
UNIINFO,EQ,12.42,5.34,13.28,0.13,0.02
CPS,ST,1042,1.66,237.37,0,0.02
3PLAND,EQ,32.07,8.6,57.73,0.05,0.02
SAGARDEEP,EQ,23.04,2.49,39.3,0.07,0.02
AUSOMENT,BE,102.6,4.99,139.78,0.02,0.02
892PFCL33,N8,1235.8,0.07,0,0,0.02
TFL,EQ,12.9,1.42,71.1,0.12,0.02
736GS2052,GS,100.2,0.09,150300,0.01,0.02
BONLON,BE,39.88,4.97,56.56,0.04,0.01
KORE,SM,98,2.3,118.83,0.01,0.01
GLOBALE,EQ,10.75,1.42,11.42,0.14,0.01
MOPSE,EQ,101.89,0.37,1.83,0.01,0.01
NIDAN,SM,14.6,3.91,20.29,0.1,0.01
CAPTRUST,BE,11.7,2.09,39.8,0.12,0.01
WINSOL,SM,120,2.52,138.42,0.01,0.01
NMSTEEL,SM,22.35,4.68,38.64,0.06,0.01
SWASTIK,SM,17,5.26,39.49,0.08,0.01
BANKA,EQ,49.45,2.51,54.01,0.03,0.01
820IIFL27,N9,980.5,0.05,51.63,0,0.01
SMALLADD,EQ,15.18,1.74,2.9,0.09,0.01
105IIFL29,N7,1084,8.29,16.75,0,0.01
SOFTTECH,EQ,265,3.52,366.82,0.01,0.01
ROML,EQ,44.8,2.14,67.15,0.03,0.01
ETL,SM,920,1.66,981.76,0,0.01
CINEVISTA,EQ,15.86,1.54,91.09,0.09,0.01
EUROTEXIND,EQ,13.12,4.96,11.48,0.1,0.01
KHAITANLTD,EQ,98,1.95,46.55,0.01,0.01
SAMAY,SM,33.8,4.64,51.88,0.04,0.01
MOMNC,EQ,29.3,0.14,2.2,0.05,0.01
ADL,EQ,69.9,2.22,38.91,0.02,0.01
LCCINFOTEC,BE,4.95,4.21,62.66,0.29,0.01
TOUCHWOOD,EQ,69.7,1.32,77.24,0.02,0.01
UMA,SM,16.5,1.23,33.45,0.08,0.01
AXSENSEX,EQ,79.49,1.53,127.34,0.02,0.01
DNAMEDIA,EQ,3.4,4.29,40.02,0.4,0.01
GROWWMC150,EQ,208.32,2.64,5.99,0.01,0.01
INTEGRITY,SM,106,0.38,45.58,0.01,0.01
915SCL26,NE,1015,0.2,198.28,0,0.01
MOQUALITY,EQ,187.18,1.04,21.44,0.01,0.01
VIVIDHA,EQ,0.6,7.14,17.56,2.03,0.01
21STCENMGM,EQ,33.3,0.94,34.96,0.04,0.01
GOLDENTOBC,BZ,27.65,0.51,48.69,0.04,0.01
837IIFL28,Y4,975,0.73,86.36,0,0.01
SMARTLINK,EQ,120,2.45,119.7,0.01,0.01
RADAAN,EQ,2.85,6.34,15.44,0.41,0.01
HEALTHADD,EQ,146,0.08,12.66,0.01,0.01
HGM,EQ,48.8,2.22,61.46,0.02,0.01
WEIZMANIND,EQ,80.04,1.57,124.01,0.01,0.01
BANK10ADD,EQ,16.94,2.6,5.68,0.07,0.01
MEP,BZ,0.93,1.09,17.06,1.2,0.01
SELLOWRAP,SM,69,4.39,94.84,0.02,0.01
RAJRILTD,BE,21.28,1.96,1183.34,0.05,0.01
LYPSAGEMS,EQ,4.67,1.52,13.77,0.23,0.01
935MOFSL29,N5,1092.1,0.01,89.53,0,0.01
SINTERCOM,EQ,76.99,2.67,211.94,0.01,0.01
AKG,EQ,11.07,2.5,35.18,0.1,0.01
TOP20,EQ,8.66,1.41,9.77,0.12,0.01
930APMD34,N0,106299,2.21,1062.98,0,0.01
PSFL,SM,25.5,0.2,50.19,0.04,0.01
LRRPL,SM,66.3,4.91,57.29,0.01,0.01
RAJTV,EQ,40.6,3.44,210.77,0.03,0.01
JIWANRAM,SM,5.3,6,13.12,0.18,0.01
905LTF27,NF,1095,0.09,385.43,0,0.01
RETAIL,EQ,20.1,0.25,16.49,0.05,0.01
SBIMIDMOM,EQ,58.35,1.53,7.17,0.02,0.01
SURAJLTD,EQ,231,1.37,424.21,0,0.01
TVVISION,BE,5.38,3.07,20.84,0.17,0.01
ALUWIND,SM,58.6,0.17,145.61,0.01,0.01
930AEL30,NF,1065,0.47,238.81,0,0.01
865IIFL28,NS,990,0.8,156.69,0,0.01
895AEL27,N9,1051.8,0.18,85.71,0,0.01
INSPIRE,SM,10.1,4.66,13.75,0.08,0.01
NKIND,EQ,63,4.22,37.86,0.01,0.01
GUJRAFFIA,EQ,37.59,3.04,20.32,0.02,0.01
SDL26BEES,EQ,137.09,0.09,4360.7,0.01,0.01
CYBERMEDIA,EQ,13.55,3.44,27.94,0.06,0.01
ENIFTY,EQ,23.81,0.72,15.64,0.04,0.01
AIROLAM,EQ,89,2.11,133.52,0.01,0.01
DIVYADHAN,SM,20.3,4.91,29.04,0.04,0.01
MFML,EQ,23.8,3.61,25.28,0.03,0.01
83GS2042,GS,112.2,1.67,117282.03,0.01,0.01
IL&FSTRANS,BZ,2.27,1.79,74.67,0.34,0.01
79NHIT47,N3,423,0.48,634.5,0,0.01
CREATIVEYE,EQ,6.79,4.95,13.62,0.11,0.01
BIKEWO,ST,18.2,0.55,23.74,0.04,0.01
SVLL,EQ,566,1.98,650.54,0,0.01
SEYAIND,BE,9.78,1.98,25.99,0.07,0.01
IDENTICAL,SM,16.9,2.42,23.7,0.04,0.01
SILGOPP,E1,31.39,3.63,23.17,0.02,0.01
NEXT50ADD,EQ,69.6,6.75,8.51,0.01,0.01
LICNETFSEN,EQ,863.66,1.68,712.19,0,0.01
RICHA,SM,63,1.2,85.06,0.01,0.01
764IRFC31,NO,1112.54,0.01,1328.72,0,0.01
MOIPO,EQ,41.03,2.88,4.72,0.01,0.01
MON50EQUAL,EQ,31.48,0.77,99.38,0.02,0.01
897MOFSL29,N4,1018,0.2,96.85,0,0.01
TRIDHYA,SM,8.8,3.53,20.49,0.06,0.01
865TCAPS27,N8,1055,0.55,633.42,0,0.01
SHRADHA,EQ,32.7,0.37,264.86,0.02,0.01
730PFCL41,NC,960.4,0.76,20.96,0,0.01
9SCL27,N2,1025.8,0.22,10.69,0,0.01
BBNPNBETF,EQ,55.37,0.16,4.08,0.01,0
QFIL,SM,49.5,4.98,14.13,0.01,0
SRGHFL,EQ,269.9,3.75,423.79,0,0
SHYAMTEL,EQ,8.31,4.92,9.37,0.06,0
HAVISHA,EQ,1.29,2.38,19.81,0.37,0
SILLYMONKS,EQ,16.29,3.36,20.3,0.03,0
REGENCERAM,EQ,42,3.07,111.05,0.01,0
LPDC,EQ,5.95,1.02,79.82,0.08,0
GTECJAINX,EQ,20.37,6.04,20.76,0.02,0
1025IIFL30,Y3,1085.8,1,67.31,0,0
HALDER,EQ,253,0.2,314.68,0,0
ESENSEX,EQ,76.55,0.33,14.38,0.01,0
CBAZAAR,ST,4.8,1.05,10.3,0.08,0
ARVEE,BE,150,0.34,165.3,0,0
FEL,BZ,0.41,2.5,18.65,0.91,0
840CIFCL28,N4,1075,4.66,473.32,0,0
830CIFC26,N2,1066,1.62,199.56,0,0
817GS2044,GS,126,3.9,108360,0,0
FLFL,BZ,1.29,1.57,26.03,0.23,0
GLFL,BE,4.32,0.7,11.72,0.07,0
TECILCHEM,EQ,12.99,0.7,24.63,0.02,0
AXISCETF,EQ,111.98,0.67,12.37,0,0
MOLOWVOL,EQ,36.15,0.78,67.02,0.01,0
IMPEXFERRO,BZ,1.61,3.21,14.16,0.17,0
ATLPP,E1,8.95,9.28,35.62,0.03,0
11UCL26,NC,1004.5,0.65,46.63,0,0
ABSL10BANK,EQ,166,0.53,45.77,0,0
ORTEL,BZ,1.76,4.76,5.8,0.13,0
79NHIT40,N2,317,0.48,475.5,0,0
732GS2030,GS,105.15,0.14,73605,0,0
91D220526,TB,98.9,0.23,15829.71,0,0
SUPREMEENG,BZ,1.12,4.67,27.99,0.16,0
888IRFC29,NE,1180,0.51,514.97,0,0
SANCO,BZ,2.49,4.62,3.26,0.07,0
NEXTMEDIA,EQ,5.2,2.77,34.78,0.03,0
ZENITHEXPO,EQ,182.1,1.74,98.27,0,0
FALCONTECH,SM,11.65,4.95,6.24,0.01,0
KHANDSE,EQ,16.5,0.67,25.17,0.01,0
AEL120126,NL,997,4.84,29.03,0,0
698GR2054,GS,95.53,1.63,28659,0,0
LAKPRE,BZ,5.15,3,5.63,0.03,0
886REC34,NG,1259,1.53,107.05,0,0
891IIFCL34,N4,1240,1.38,0,0,0
664GS2027,GS,102.55,0.38,39994.5,0,0
794TN32,SG,102.44,1.43,1024.4,0,0
603GS2029,GS,100.8,0.8,18144,0,0
668GS2033,GS,100,0.4,22000,0,0
182D240426,TB,99.36,0.37,8445.6,0,0
91D300426,TB,99.15,0.16,16855.5,0,0
182D140526,TB,98.95,0.25,6926.5,0,0
MOSERVICE,EQ,30.7,1.25,5.07,0,0
ITTL,ST,88.25,1.96,88.25,0,0
ABGSEC,EQ,112.43,0.39,45.02,0,0
IIFLZC26B,NY,1246.55,0.12,11.11,0,0
734IRFC28,N4,1065.8,0.4,2727.07,0,0
87LTF27,NH,1026,0.02,17.94,0,0
GILT10BETA,EQ,26.08,0.15,23.46,0,0
890SFIL23A,NZ,580.03,0.79,6.85,0,0
699GS2051,GS,96.58,0.05,141513.85,0,0
971SCL28I,BC,864,20,6.04,0,0
ARENTERP,EQ,41.8,2.43,12.99,0,0
0MOFSL26,N1,1165,0.17,29.15,0,0
960IIFLS26,N9,1064,0.73,82.57,0,0
764HUDCO31,N8,1096.99,0.59,0,0,0
577GS2030,GS,97.66,0.47,115592.39,0,0
772GS2049,GS,105.81,0.52,84648,0,0
IDEALTECHO,SM,276,18.71,138,0.01,0